url,is_phishing,hostname,api_scanned_url,risk_score,score_threshold,predicted_is_phishing,matched_ground_truth,api_error
handannews.com.cn,0,handannews.com.cn,http://handannews.com.cn/,0.00,50.0,false,true,
https://grades.m-pages.com/s4u5KX/your-bill-is-ready,1,grades.m-pages.com,https://grades.m-pages.com/s4u5KX/your-bill-is-ready,0.00,50.0,false,false,
https://pichincha2026.webcindario.com/,1,pichincha2026.webcindario.com,https://pichincha2026.webcindario.com/,9.00,50.0,false,false,
https://resona-wuje.com/web/client/#/%2FloginUsername,1,resona-wuje.com,,,50.0,,,"HTTPConnectionPool(host='localhost', port=8000): Read timed out. (read timeout=15)"
immoviewer.com,0,immoviewer.com,http://immoviewer.com/,0.00,50.0,false,true,
horaires-de-trains.fr,0,horaires-de-trains.fr,http://horaires-de-trains.fr/,0.00,50.0,false,true,
luch-nsk.ru,0,luch-nsk.ru,http://luch-nsk.ru/,0.00,50.0,false,true,
https://review-manage-951424.firebaseapp.com/,1,review-manage-951424.firebaseapp.com,https://review-manage-951424.firebaseapp.com/,3.53,50.0,false,false,
yelp.pt,0,yelp.pt,http://yelp.pt/,21.82,50.0,false,true,
https://bc2eiyj07.ukit.me/,1,bc2eiyj07.ukit.me,https://bc2eiyj07.ukit.me/,3.00,50.0,false,false,
https://rendlixo.com/72bSycGHnY,1,rendlixo.com,https://rendlixo.com/72bSycGHnY,10.91,50.0,false,false,
https://mailbrightnet938fucj.weebly.com/,1,mailbrightnet938fucj.weebly.com,https://mailbrightnet938fucj.weebly.com/,3.00,50.0,false,false,
ultra-soccer.jp,0,ultra-soccer.jp,,,50.0,,,"HTTPConnectionPool(host='localhost', port=8000): Read timed out. (read timeout=15)"
sedaptogel.fun,0,sedaptogel.fun,http://sedaptogel.fun/,10.91,50.0,false,true,
itinerarinellarte.it,0,itinerarinellarte.it,http://itinerarinellarte.it/,7.06,50.0,false,true,
https://pub-a8e31add0a6b4aba869febaa01df3901.r2.dev/index.html,1,pub-a8e31add0a6b4aba869febaa01df3901.r2.dev,https://pub-a8e31add0a6b4aba869febaa01df3901.r2.dev/index.html,15.00,50.0,false,false,
torrentzota166.com,0,torrentzota166.com,http://torrentzota166.com/,7.06,50.0,false,true,
sileceksepeti.com,0,sileceksepeti.com,http://sileceksepeti.com/,7.06,50.0,false,true,
https://enappstart.ghost.io/ledger/,1,enappstart.ghost.io,https://enappstart.ghost.io/ledger/,4.29,50.0,false,false,
http://grupo-davivienda.webcindario.com,1,grupo-davivienda.webcindario.com,http://grupo-davivienda.webcindario.com/,7.06,50.0,false,false,
https://yvuybnuo.web.app/,1,yvuybnuo.web.app,https://yvuybnuo.web.app/,15.00,50.0,false,false,
https://acessibilidadeempresa.kinghost.net,1,acessibilidadeempresa.kinghost.net,https://acessibilidadeempresa.kinghost.net/,0.00,50.0,false,false,
yoru888v1.com,0,yoru888v1.com,http://yoru888v1.com/,14.12,50.0,false,true,
systep.cl,0,systep.cl,http://systep.cl/,14.12,50.0,false,true,
https://pub-23a2e2e234334745a9efe4cbe160602b.r2.dev/vb21.html,1,pub-23a2e2e234334745a9efe4cbe160602b.r2.dev,https://pub-23a2e2e234334745a9efe4cbe160602b.r2.dev/vb21.html,15.00,50.0,false,false,
yucafe.com,0,yucafe.com,http://yucafe.com/,28.24,50.0,false,true,
vdaq.de,0,vdaq.de,http://vdaq.de/,21.82,50.0,false,true,
currencyprices.net,0,currencyprices.net,http://currencyprices.net/,0.00,50.0,false,true,
bizbi.ru,0,bizbi.ru,http://bizbi.ru/,0.00,50.0,false,true,
https://cloudmich-a7968.firebaseapp.com/,1,cloudmich-a7968.firebaseapp.com,https://cloudmich-a7968.firebaseapp.com/,3.53,50.0,false,false,
https://file-greview.web.app/,1,file-greview.web.app,https://file-greview.web.app/,15.00,50.0,false,false,
creators.com,0,creators.com,http://creators.com/,0.00,50.0,false,true,
teethwhitening-eg.com,0,teethwhitening-eg.com,http://teethwhitening-eg.com/,0.00,50.0,false,true,
moon33placess.xyz,0,moon33placess.xyz,http://moon33placess.xyz/,21.82,50.0,false,true,
posta-beki.com,0,posta-beki.com,http://posta-beki.com/,28.24,50.0,false,true,
standard-freeholder.com,0,standard-freeholder.com,http://standard-freeholder.com/,0.00,50.0,false,true,
1bol.kz,0,1bol.kz,http://1bol.kz/,0.00,50.0,false,true,
https://epasacv.com/lindex.php,1,epasacv.com,https://epasacv.com/lindex.php,3.00,50.0,false,false,
hztudor.com,0,hztudor.com,http://hztudor.com/,0.00,50.0,false,true,
kovaifibernet.com,0,kovaifibernet.com,http://kovaifibernet.com/,0.00,50.0,false,true,
univ-jfc.fr,0,univ-jfc.fr,http://univ-jfc.fr/,0.00,50.0,false,true,
11vip777.com,0,11vip777.com,http://11vip777.com/,0.00,50.0,false,true,
https://bafkreiaeulq2jolqjk7o7p272k3c5zyo46tvwxd37nums3argstwbz4br4.ipfs.dweb.link/?NL2J7V8KQ=LJ7P9Q2K8VbWFyLm1hcmlhb4Z7QPK2N8JmlAaW5haWwuaXQ&amp;mode=retrievalN2K7QP8LJX,1,bafkreiaeulq2jolqjk7o7p272k3c5zyo46tvwxd37nums3argstwbz4br4.ipfs.dweb.link,https://bafkreiaeulq2jolqjk7o7p272k3c5zyo46tvwxd37nums3argstwbz4br4.ipfs.dweb.link/?NL2J7V8KQ=LJ7P9Q2K8VbWFyLm1hcmlhb4Z7QPK2N8JmlAaW5haWwuaXQ&amp%3Bmode=retrievalN2K7QP8LJX,5.00,50.0,false,false,
https://mailportalsolution.weebly.com/,1,mailportalsolution.weebly.com,https://mailportalsolution.weebly.com/,3.00,50.0,false,false,
intermediair.nl,0,intermediair.nl,http://intermediair.nl/,0.00,50.0,false,true,
doedar359.shop,0,doedar359.shop,http://doedar359.shop/,14.12,50.0,false,true,
birzha-akkauntov-online.ru,0,birzha-akkauntov-online.ru,http://birzha-akkauntov-online.ru/,0.00,50.0,false,true,
https://www.lfer11lim10limpafeira16116.shop/,1,www.lfer11lim10limpafeira16116.shop,https://www.lfer11lim10limpafeira16116.shop/,21.82,50.0,false,false,
myccondo.com,0,myccondo.com,http://myccondo.com/,0.00,50.0,false,true,
https://bafkreif5ui6nngpbzfm6guhbydjadi3ohxvtpzjuz65qdniaqw3r6mdpo4.ipfs.dweb.link/,1,bafkreif5ui6nngpbzfm6guhbydjadi3ohxvtpzjuz65qdniaqw3r6mdpo4.ipfs.dweb.link,https://bafkreif5ui6nngpbzfm6guhbydjadi3ohxvtpzjuz65qdniaqw3r6mdpo4.ipfs.dweb.link/,5.00,50.0,false,false,
1xslots-knt.top,0,1xslots-knt.top,http://1xslots-knt.top/,10.91,50.0,false,true,
hamrahmoshaver.com,0,hamrahmoshaver.com,,,50.0,,,"HTTPConnectionPool(host='localhost', port=8000): Read timed out. (read timeout=15)"
tokyo-cdn.com,0,tokyo-cdn.com,http://tokyo-cdn.com/,0.00,50.0,false,true,
dldshare.net,0,dldshare.net,http://dldshare.net/,0.00,50.0,false,true,
https://customerinvoice-534998.firebaseapp.com/,1,customerinvoice-534998.firebaseapp.com,https://customerinvoice-534998.firebaseapp.com/,3.53,50.0,false,false,
vitrineplanossaude.com.br,0,vitrineplanossaude.com.br,http://vitrineplanossaude.com.br/,0.00,50.0,false,true,
https://academiajoseluislopez.com/wp-content/plugins/auchen/faun/login.php,1,academiajoseluislopez.com,https://academiajoseluislopez.com/wp-content/plugins/auchen/faun/login.php,7.14,50.0,false,false,
domainsroute.com,0,domainsroute.com,http://domainsroute.com/,0.00,50.0,false,true,
chinawutong.com,0,chinawutong.com,http://chinawutong.com/,0.00,50.0,false,true,
ca61environmentals.xyz,0,ca61environmentals.xyz,http://ca61environmentals.xyz/,21.82,50.0,false,true,
https://mail-live.net-s03.net/rf/?code=60d44fedf11f408a2fcbe7553ebc6130,1,mail-live.net-s03.net,https://mail-live.net-s03.net/rf/?code=60d44fedf11f408a2fcbe7553ebc6130,0.00,50.0,false,false,
finotivefunding.com,0,finotivefunding.com,http://finotivefunding.com/,7.06,50.0,false,true,
megegyet.hu,0,megegyet.hu,http://megegyet.hu/,7.06,50.0,false,true,
truecardev.com,0,truecardev.com,http://truecardev.com/,0.00,50.0,false,true,
https://webokgprlgrol.weebly.com/,1,webokgprlgrol.weebly.com,https://webokgprlgrol.weebly.com/,3.00,50.0,false,false,
yadelus.ru,0,yadelus.ru,http://yadelus.ru/,28.24,50.0,false,true,
https://desbloqueo55.webcindario.com/,1,desbloqueo55.webcindario.com,https://desbloqueo55.webcindario.com/,9.00,50.0,false,false,
https://yahhoomaiilsstedupdts.framer.website/,1,yahhoomaiilsstedupdts.framer.website,https://yahhoomaiilsstedupdts.framer.website/,21.43,50.0,false,false,
lhentai.com,0,lhentai.com,http://lhentai.com/,0.00,50.0,false,true,
dpshop.com.tw,0,dpshop.com.tw,http://dpshop.com.tw/,7.06,50.0,false,true,
https://visionsfalrt.firebaseapp.com/,1,visionsfalrt.firebaseapp.com,https://visionsfalrt.firebaseapp.com/,3.53,50.0,false,false,
https://tcy465yth.w3spaces.com/,1,tcy465yth.w3spaces.com,https://tcy465yth.w3spaces.com/,0.00,50.0,false,false,
https://bafkreidft452hz4wxb73l2c7gobxongfa5cgh4oezsafaluzrfpapyznhu.ipfs.dweb.link/,1,bafkreidft452hz4wxb73l2c7gobxongfa5cgh4oezsafaluzrfpapyznhu.ipfs.dweb.link,https://bafkreidft452hz4wxb73l2c7gobxongfa5cgh4oezsafaluzrfpapyznhu.ipfs.dweb.link/,5.00,50.0,false,false,
antimesa.com,0,antimesa.com,http://antimesa.com/,0.00,50.0,false,true,
commercepaathshala.com,0,commercepaathshala.com,http://commercepaathshala.com/,0.00,50.0,false,true,
dkmdji.cn,0,dkmdji.cn,http://dkmdji.cn/,0.00,50.0,false,true,
22miles.com,0,22miles.com,http://22miles.com/,7.06,50.0,false,true,
http://grandcitygroup.com/plentyp/debmail-en/,1,grandcitygroup.com,http://grandcitygroup.com/plentyp/debmail-en/,0.00,50.0,false,false,
https://700center.com/plus/dynamic/draw/msweb/jp,1,700center.com,,,50.0,,,"HTTPConnectionPool(host='localhost', port=8000): Read timed out. (read timeout=15)"
https://registrate-aqui3.webcindario.com/?fbclid=IwY2xjawOlh2tleHRuA2FlbQIxMABicmlkETFrUm8zd1ptZjYyTnl5WEd0c3J0YwZhcHBfaWQPNTQxNjM5NDkzODg5MDI1AAEexNI6SDsEHbxZV-N0-M4gjoC1U7fPWk1uQ-xSV9MuBvM6HvVSafRSZF7jHY0_aem_aijgfTeWx2T0KKgZz1IFVA,1,registrate-aqui3.webcindario.com,https://registrate-aqui3.webcindario.com/?fbclid=IwY2xjawOlh2tleHRuA2FlbQIxMABicmlkETFrUm8zd1ptZjYyTnl5WEd0c3J0YwZhcHBfaWQPNTQxNjM5NDkzODg5MDI1AAEexNI6SDsEHbxZV-N0-M4gjoC1U7fPWk1uQ-xSV9MuBvM6HvVSafRSZF7jHY0_aem_aijgfTeWx2T0KKgZz1IFVA,11.00,50.0,false,false,
maplepathway.us,0,maplepathway.us,http://maplepathway.us/,7.06,50.0,false,true,
https://apps-user868aceptis.start.page/,1,apps-user868aceptis.start.page,https://apps-user868aceptis.start.page/,15.00,50.0,false,false,
whiskerlabs.com,0,whiskerlabs.com,http://whiskerlabs.com/,7.06,50.0,false,true,
linklist.bio,0,linklist.bio,http://linklist.bio/,8.57,50.0,false,true,
mangzx.com,0,mangzx.com,http://mangzx.com/,0.00,50.0,false,true,
interactpulse.com,0,interactpulse.com,http://interactpulse.com/,0.00,50.0,false,true,
https://evolbithman.web.app/index.html?user=x@example.com,1,evolbithman.web.app,https://evolbithman.web.app/index.html?user=x%40example.com,15.00,50.0,false,false,
https://walletsuite.gitbook.io/docs/,1,walletsuite.gitbook.io,https://walletsuite.gitbook.io/docs/,3.00,50.0,false,false,
https://pub-16499d352cc14fe4b8cdf064bb205547.r2.dev/4outmanagementsecure.html,1,pub-16499d352cc14fe4b8cdf064bb205547.r2.dev,https://pub-16499d352cc14fe4b8cdf064bb205547.r2.dev/4outmanagementsecure.html,28.57,50.0,false,false,
printster.co.uk,0,printster.co.uk,http://printster.co.uk/,0.00,50.0,false,true,
https://dts.ge/,1,dts.ge,https://dts.ge/,3.00,50.0,false,false,
sileman.net.pl,0,sileman.net.pl,http://sileman.net.pl/,7.06,50.0,false,true,
augeninfo.de,0,augeninfo.de,http://augeninfo.de/,14.12,50.0,false,true,
https://simplest-sheet-555465.framer.app/,1,simplest-sheet-555465.framer.app,https://simplest-sheet-555465.framer.app/,21.43,50.0,false,false,
aviationorbit.com,0,aviationorbit.com,http://aviationorbit.com/,7.06,50.0,false,true,
oxygenot.live,0,oxygenot.live,http://oxygenot.live/,14.12,50.0,false,true,
unitec.ac.nz,0,unitec.ac.nz,http://unitec.ac.nz/,7.06,50.0,false,true,
visionmodernhub.co.uk,0,visionmodernhub.co.uk,http://visionmodernhub.co.uk/,7.06,50.0,false,true,
dieppetourisme.com,0,dieppetourisme.com,http://dieppetourisme.com/,7.06,50.0,false,true,
https://iadsasihy.web.app/,1,iadsasihy.web.app,https://iadsasihy.web.app/,15.00,50.0,false,false,
tbeauxs54.com,0,tbeauxs54.com,http://tbeauxs54.com/,0.00,50.0,false,true,
https://arcelormittal-7c364.web.app/,1,arcelormittal-7c364.web.app,https://arcelormittal-7c364.web.app/,15.00,50.0,false,false,
https://meta-checkpoint-blocked-accounts.start.page/,1,meta-checkpoint-blocked-accounts.start.page,https://meta-checkpoint-blocked-accounts.start.page/,15.00,50.0,false,false,
alooytv8.xyz,0,alooytv8.xyz,http://alooytv8.xyz/,14.12,50.0,false,true,
https://t-mobile.qoyuw.cc/pay/,1,t-mobile.qoyuw.cc,https://t-mobile.qoyuw.cc/pay/,10.91,50.0,false,false,
https://pub-55d2437597224e659c8576f31ea5f243.r2.dev/index.html,1,pub-55d2437597224e659c8576f31ea5f243.r2.dev,https://pub-55d2437597224e659c8576f31ea5f243.r2.dev/index.html,15.00,50.0,false,false,
hosted-by-mvps.net,0,hosted-by-mvps.net,http://hosted-by-mvps.net/,7.06,50.0,false,true,
fluviusnet.be,0,fluviusnet.be,http://fluviusnet.be/,0.00,50.0,false,true,
astrodistribuidora.com,0,astrodistribuidora.com,http://astrodistribuidora.com/,7.06,50.0,false,true,
https://turman33.weebly.com/,1,turman33.weebly.com,https://turman33.weebly.com/,3.00,50.0,false,false,
panicware.com,0,panicware.com,http://panicware.com/,0.00,50.0,false,true,
https://pub-c7df17aad1184776bdcc3e5f19fa643e.r2.dev/index.html,1,pub-c7df17aad1184776bdcc3e5f19fa643e.r2.dev,https://pub-c7df17aad1184776bdcc3e5f19fa643e.r2.dev/index.html,15.00,50.0,false,false,
https://webspectrummailauths.weebly.com/,1,webspectrummailauths.weebly.com,https://webspectrummailauths.weebly.com/,3.00,50.0,false,false,
xher0.de,0,xher0.de,http://xher0.de/,14.12,50.0,false,true,
dmarcanalyzer.com,0,dmarcanalyzer.com,http://dmarcanalyzer.com/,7.06,50.0,false,true,
a3kvau184uea.com,0,a3kvau184uea.com,http://a3kvau184uea.com/,0.00,50.0,false,true,
https://pay.paypagementoseguroltda.site/DYp0Zx0RPArZmvX?utm_source=organic&amp;utm_campaign=&amp;utm_medium=&amp;utm_content=&amp;utm_term=,1,pay.paypagementoseguroltda.site,https://pay.paypagementoseguroltda.site/DYp0Zx0RPArZmvX?amp%3Butm_campaign=&amp%3Butm_content=&amp%3Butm_medium=&amp%3Butm_term=&utm_source=organic,25.45,50.0,false,false,
beic.it,0,beic.it,http://beic.it/,0.00,50.0,false,true,
http://cu04359.tw1.ru/web/depart.php,1,cu04359.tw1.ru,http://cu04359.tw1.ru/web/depart.php,0.00,50.0,false,false,
https://pub-f98c731a508b46c89b32b1149b269076.r2.dev/index.html,1,pub-f98c731a508b46c89b32b1149b269076.r2.dev,https://pub-f98c731a508b46c89b32b1149b269076.r2.dev/index.html,15.00,50.0,false,false,
https://e-postada.firebaseapp.com/rnfaut.html?xml_id=/br_FR/Login?ID=086435,1,e-postada.firebaseapp.com,https://e-postada.firebaseapp.com/rnfaut.html?xml_id=%2Fbr_FR%2FLogin%3FID%3D086435,11.76,50.0,false,false,
https://catalystbank.weebly.com/,1,catalystbank.weebly.com,https://catalystbank.weebly.com/,3.00,50.0,false,false,
https://metafb-9oog2cr.web.app/,1,metafb-9oog2cr.web.app,https://metafb-9oog2cr.web.app/,15.00,50.0,false,false,
https://dekbsk2thsp.typeform.com/to/HiLLOgiJ,1,dekbsk2thsp.typeform.com,https://dekbsk2thsp.typeform.com/to/HiLLOgiJ,6.00,50.0,false,false,
https://de-navigator.ai,1,de-navigator.ai,https://de-navigator.ai/,21.82,50.0,false,false,
https://trunqbsp.com/,1,trunqbsp.com,https://trunqbsp.com/,21.82,50.0,false,false,
https://c9e059a1.73634c9b2b1a997bd44876e7.workers.dev/,1,c9e059a1.73634c9b2b1a997bd44876e7.workers.dev,https://c9e059a1.73634c9b2b1a997bd44876e7.workers.dev/,15.00,50.0,false,false,
https://fr-mirabelles-89d18.web.app/,1,fr-mirabelles-89d18.web.app,https://fr-mirabelles-89d18.web.app/,15.00,50.0,false,false,
librairies-alip.fr,0,librairies-alip.fr,http://librairies-alip.fr/,0.00,50.0,false,true,
consultcenter.com.br,0,consultcenter.com.br,http://consultcenter.com.br/,0.00,50.0,false,true,
http://circuitoguimaraesrosa.com.br/docinforetrive.ezz/?email=shay191@aol.com,1,circuitoguimaraesrosa.com.br,http://circuitoguimaraesrosa.com.br/docinforetrive.ezz/?email=shay191%40aol.com,0.00,50.0,false,false,
schooler.biz,0,schooler.biz,http://schooler.biz/,0.00,50.0,false,true,
https://pub-5e8b10573a844297959463cf641d8f71.r2.dev/mulia.html,1,pub-5e8b10573a844297959463cf641d8f71.r2.dev,https://pub-5e8b10573a844297959463cf641d8f71.r2.dev/mulia.html,15.00,50.0,false,false,
q85tm2.com,0,q85tm2.com,http://q85tm2.com/,7.06,50.0,false,true,
kurogames-ads.com,0,kurogames-ads.com,http://kurogames-ads.com/,0.00,50.0,false,true,
https://upgradecontrol.com/gaskczczbsnda/?sfnsn=mo,1,upgradecontrol.com,https://upgradecontrol.com/gaskczczbsnda/?sfnsn=mo,3.00,50.0,false,false,
https://4qfw542.lat/ig7kcgpx/RUXGF1/dNrQdJ,1,4qfw542.lat,https://4qfw542.lat/ig7kcgpx/RUXGF1/dNrQdJ,21.82,50.0,false,false,
photoapp.org,0,photoapp.org,http://photoapp.org/,0.00,50.0,false,true,
ahangify.com,0,ahangify.com,http://ahangify.com/,0.00,50.0,false,true,
gentsnav.com,0,gentsnav.com,http://gentsnav.com/,0.00,50.0,false,true,
playhop.com,0,playhop.com,http://playhop.com/,0.00,50.0,false,true,
zee7borns.xyz,0,zee7borns.xyz,http://zee7borns.xyz/,21.82,50.0,false,true,
https://pub-fbbe318dbc994ca1a49eaf6564351296.r2.dev/index.html,1,pub-fbbe318dbc994ca1a49eaf6564351296.r2.dev,https://pub-fbbe318dbc994ca1a49eaf6564351296.r2.dev/index.html,15.00,50.0,false,false,
https://xpmqwrzt.com/l0RFiagYB5,1,xpmqwrzt.com,https://xpmqwrzt.com/l0RFiagYB5,10.91,50.0,false,false,
https://case100543765456.firebaseapp.com/,1,case100543765456.firebaseapp.com,https://case100543765456.firebaseapp.com/,3.53,50.0,false,false,
ebc.mx,0,ebc.mx,http://ebc.mx/,7.06,50.0,false,true,
unse4u.com,0,unse4u.com,,,50.0,,,"HTTPConnectionPool(host='localhost', port=8000): Read timed out. (read timeout=15)"
rexue365.com,0,rexue365.com,http://rexue365.com/,0.00,50.0,false,true,
https://app.biabonusclicks.live,1,app.biabonusclicks.live,https://app.biabonusclicks.live/,21.82,50.0,false,false,
https://sj7fhpln.r.eu-west-1.awstrack.me/I0/01020196c57ab22e-bbef6526-f110-4d09-9745-e4db5c40117d-000000/MP1DF6SIwWnbW08928KUnz6RJ7Q=425,1,sj7fhpln.r.eu-west-1.awstrack.me,https://sj7fhpln.r.eu-west-1.awstrack.me/I0/01020196c57ab22e-bbef6526-f110-4d09-9745-e4db5c40117d-000000/MP1DF6SIwWnbW08928KUnz6RJ7Q=425,2.00,50.0,false,false,
https://17w0y6h6.forms.app/wisetranfert,1,17w0y6h6.forms.app,https://17w0y6h6.forms.app/wisetranfert,15.00,50.0,false,false,
https://dev.bharmalsystems.net/gms,1,dev.bharmalsystems.net,https://dev.bharmalsystems.net/gms,3.00,50.0,false,false,
https://wkufhwefehjwehdghbci.weebly.com/,1,wkufhwefehjwehdghbci.weebly.com,https://wkufhwefehjwehdghbci.weebly.com/,3.00,50.0,false,false,
musees-normandie.fr,0,musees-normandie.fr,http://musees-normandie.fr/,0.00,50.0,false,true,
1win22084.ru,0,1win22084.ru,http://1win22084.ru/,0.00,50.0,false,true,
https://porala8119.wixsite.com/porala8119,1,porala8119.wixsite.com,https://porala8119.wixsite.com/porala8119,3.53,50.0,false,false,
https://zsmbra.weebly.com/,1,zsmbra.weebly.com,https://zsmbra.weebly.com/,3.00,50.0,false,false,
8b21a945159f23b740c836eb50953818.com,0,8b21a945159f23b740c836eb50953818.com,,,50.0,,,"HTTPConnectionPool(host='localhost', port=8000): Read timed out. (read timeout=15)"
https://translation-service-houston.com/d59ed4/solit/login.php,1,translation-service-houston.com,https://translation-service-houston.com/d59ed4/solit/login.php,8.00,50.0,false,false,
https://nxbbifa.cn/v1.7/track/k23jpp0j,1,nxbbifa.cn,https://nxbbifa.cn/v1.7/track/k23jpp0j,0.00,50.0,false,false,
eprints.org,0,eprints.org,http://eprints.org/,0.00,50.0,false,true,
https://pub-20ffc8ffba1648ed81dd0d0a2cf70c1e.r2.dev/AMEPRIMME02843.html,1,pub-20ffc8ffba1648ed81dd0d0a2cf70c1e.r2.dev,https://pub-20ffc8ffba1648ed81dd0d0a2cf70c1e.r2.dev/AMEPRIMME02843.html,15.00,50.0,false,false,
hathawayfunerals.com,0,hathawayfunerals.com,http://hathawayfunerals.com/,0.00,50.0,false,true,
https://rewhg-mtt3.web.app/,1,rewhg-mtt3.web.app,https://rewhg-mtt3.web.app/,15.00,50.0,false,false,
https://cmn-28797016380.southamerica-east1.run.app/,1,cmn-28797016380.southamerica-east1.run.app,https://cmn-28797016380.southamerica-east1.run.app/,15.00,50.0,false,false,
https://homeaocaita.com/HomePage/,1,homeaocaita.com,https://homeaocaita.com/HomePage/,10.91,50.0,false,false,
ausopen.com,0,ausopen.com,http://ausopen.com/,7.06,50.0,false,true,
https://pub-67936c280e6c4f24ae25f987a733c053.r2.dev/ivealwaysbeenafraidthatthismomentgonnacomeandiwouldntkhnowhowtohandleitimsoconfused.html,1,pub-67936c280e6c4f24ae25f987a733c053.r2.dev,https://pub-67936c280e6c4f24ae25f987a733c053.r2.dev/ivealwaysbeenafraidthatthismomentgonnacomeandiwouldntkhnowhowtohandleitimsoconfused.html,17.00,50.0,false,false,
https://jaodpeozix.firebaseapp.com/,1,jaodpeozix.firebaseapp.com,https://jaodpeozix.firebaseapp.com/,3.53,50.0,false,false,
https://louuiscahuf.com/,1,louuiscahuf.com,https://louuiscahuf.com/,9.00,50.0,false,false,
https://case100985610961296312610.firebaseapp.com/,1,case100985610961296312610.firebaseapp.com,https://case100985610961296312610.firebaseapp.com/,3.53,50.0,false,false,
visualturk.net,0,visualturk.net,http://visualturk.net/,0.00,50.0,false,true,
polene-paris.com,0,polene-paris.com,http://polene-paris.com/,0.00,50.0,false,true,
https://dhgfdsgynthfgds.weebly.com/,1,dhgfdsgynthfgds.weebly.com,https://dhgfdsgynthfgds.weebly.com/,4.29,50.0,false,false,
https://trezor-walleett.blogspot.com/,1,trezor-walleett.blogspot.com,https://trezor-walleett.blogspot.com/,5.45,50.0,false,false,
https://flowcv.me/bt-broadband3242ws,1,flowcv.me,https://flowcv.me/bt-broadband3242ws,3.00,50.0,false,false,
liveact-vault.com,0,liveact-vault.com,http://liveact-vault.com/,7.06,50.0,false,true,
mexhandcraft.com,0,mexhandcraft.com,http://mexhandcraft.com/,0.00,50.0,false,true,
broadwaymerchandiseshop.com,0,broadwaymerchandiseshop.com,http://broadwaymerchandiseshop.com/,0.00,50.0,false,true,
https://swdagans0n1t3amsupp057coationseerv001centradmsectrewdarat1v3.weebly.com/,1,swdagans0n1t3amsupp057coationseerv001centradmsectrewdarat1v3.weebly.com,https://swdagans0n1t3amsupp057coationseerv001centradmsectrewdarat1v3.weebly.com/,3.00,50.0,false,false,
tomelloso.es,0,tomelloso.es,http://tomelloso.es/,14.12,50.0,false,true,
https://aditivosforte.com/all.html,1,aditivosforte.com,https://aditivosforte.com/all.html,3.00,50.0,false,false,
njta.com,0,njta.com,http://njta.com/,0.00,50.0,false,true,
egeszsegkalauz.hu,0,egeszsegkalauz.hu,http://egeszsegkalauz.hu/,7.06,50.0,false,true,
318bet17.com,0,318bet17.com,http://318bet17.com/,10.91,50.0,false,true,
https://assets.devdesenvolvimento.com.br/ionswebmail.login/,1,assets.devdesenvolvimento.com.br,https://assets.devdesenvolvimento.com.br/ionswebmail.login/,8.00,50.0,false,false,
elektra.ru,0,elektra.ru,http://elektra.ru/,0.00,50.0,false,true,
https://app.promocaododia.info/,1,app.promocaododia.info,https://app.promocaododia.info/,0.00,50.0,false,false,
https://florawales46.wixsite.com/arizona,1,florawales46.wixsite.com,https://florawales46.wixsite.com/arizona,3.53,50.0,false,false,
eumeworld.com,0,eumeworld.com,http://eumeworld.com/,0.00,50.0,false,true,
https://mypageofficemailcheck.myportfolio.com/,1,mypageofficemailcheck.myportfolio.com,https://mypageofficemailcheck.myportfolio.com/,3.00,50.0,false,false,
https://pub-979ede100f0c4e07867f4f81c1d13ec6.r2.dev/index.html,1,pub-979ede100f0c4e07867f4f81c1d13ec6.r2.dev,https://pub-979ede100f0c4e07867f4f81c1d13ec6.r2.dev/index.html,15.00,50.0,false,false,
https://sparkass-sidcheck4.web.app/,1,sparkass-sidcheck4.web.app,https://sparkass-sidcheck4.web.app/,15.00,50.0,false,false,
alphabet.pl,0,alphabet.pl,http://alphabet.pl/,0.00,50.0,false,true,
https://waxcomail.weebly.com/,1,waxcomail.weebly.com,https://waxcomail.weebly.com/,3.00,50.0,false,false,
kaboom.org,0,kaboom.org,http://kaboom.org/,0.00,50.0,false,true,
https://sms31-cledigitale.com/connexion,1,sms31-cledigitale.com,https://sms31-cledigitale.com/connexion,10.91,50.0,false,false,
https://pub-411c3b2f7aa84062822e3b0a2b1e2e50.r2.dev/masterfile.html,1,pub-411c3b2f7aa84062822e3b0a2b1e2e50.r2.dev,https://pub-411c3b2f7aa84062822e3b0a2b1e2e50.r2.dev/masterfile.html,15.00,50.0,false,false,
https://vnmvbnmvbnmuiyuiyu56756756.pages.dev/,1,vnmvbnmvbnmuiyuiyu56756756.pages.dev,https://vnmvbnmvbnmuiyuiyu56756756.pages.dev/,15.00,50.0,false,false,
rezim.ir,0,rezim.ir,,,50.0,,,"HTTPConnectionPool(host='localhost', port=8000): Read timed out. (read timeout=15)"
teamwish1.space,0,teamwish1.space,http://teamwish1.space/,7.06,50.0,false,true,
https://assistissuerequiedforupdagenow.hosted.phplist.com/lists/lt.php?tid=cE1RAlAGAw8ABh4CAQYEFQxWAwBJVgJVUBUDBFdSVgUJVVcFDFUeDgIBClBTBlYVWlECAUkAAgBUFQoFVwVMUAlUCghQC1RTUgEKHQBRVV0BVl5WSVIGUlcVBw4CU0wKXFNRHA1QVgQEV1BXBlRVAQ,1,assistissuerequiedforupdagenow.hosted.phplist.com,https://assistissuerequiedforupdagenow.hosted.phplist.com/lists/lt.php?tid=cE1RAlAGAw8ABh4CAQYEFQxWAwBJVgJVUBUDBFdSVgUJVVcFDFUeDgIBClBTBlYVWlECAUkAAgBUFQoFVwVMUAlUCghQC1RTUgEKHQBRVV0BVl5WSVIGUlcVBw4CU0wKXFNRHA1QVgQEV1BXBlRVAQ,5.00,50.0,false,false,
themwordmusicblog.co.uk,0,themwordmusicblog.co.uk,http://themwordmusicblog.co.uk/,0.00,50.0,false,true,
https://heartofiowamail.weebly.com/,1,heartofiowamail.weebly.com,https://heartofiowamail.weebly.com/,3.00,50.0,false,false,
proexe.com,0,proexe.com,http://proexe.com/,0.00,50.0,false,true,
https://bn1-cr.webcindario.com/,1,bn1-cr.webcindario.com,https://bn1-cr.webcindario.com/,9.00,50.0,false,false,
ispydiy.com,0,ispydiy.com,http://ispydiy.com/,0.00,50.0,false,true,
https://tar-nama.com,1,tar-nama.com,https://tar-nama.com/,4.29,50.0,false,false,
gpotato.com,0,gpotato.com,http://gpotato.com/,0.00,50.0,false,true,
https://bafkreicpmmdtqref4t6focjnafbh5wzgeqwly45getafjrod7hgeafplse.ipfs.dweb.link/,1,bafkreicpmmdtqref4t6focjnafbh5wzgeqwly45getafjrod7hgeafplse.ipfs.dweb.link,https://bafkreicpmmdtqref4t6focjnafbh5wzgeqwly45getafjrod7hgeafplse.ipfs.dweb.link/,5.00,50.0,false,false,
https://bafkreifukht4ibaqbacohtpqxssl3leejkowrimolxee3zkh47dxeitrve.ipfs.dweb.link/,1,bafkreifukht4ibaqbacohtpqxssl3leejkowrimolxee3zkh47dxeitrve.ipfs.dweb.link,https://bafkreifukht4ibaqbacohtpqxssl3leejkowrimolxee3zkh47dxeitrve.ipfs.dweb.link/,5.00,50.0,false,false,
kisofukushima-ski.com,0,kisofukushima-ski.com,http://kisofukushima-ski.com/,0.00,50.0,false,true,
goldenclix.com,0,goldenclix.com,http://goldenclix.com/,0.00,50.0,false,true,
https://emailkr.weebly.com/,1,emailkr.weebly.com,https://emailkr.weebly.com/,3.00,50.0,false,false,
https://alertadecuentas.webcindario.com/,1,alertadecuentas.webcindario.com,https://alertadecuentas.webcindario.com/,9.00,50.0,false,false,
ethique.com,0,ethique.com,http://ethique.com/,7.06,50.0,false,true,
https://bafkreibaossdgxhj2tynfhjvyvmvidbisas3wdde5palor5oa5vercu4j4.ipfs.dweb.link/,1,bafkreibaossdgxhj2tynfhjvyvmvidbisas3wdde5palor5oa5vercu4j4.ipfs.dweb.link,https://bafkreibaossdgxhj2tynfhjvyvmvidbisas3wdde5palor5oa5vercu4j4.ipfs.dweb.link/,5.00,50.0,false,false,
https://mcvpxrsxreqa.myfunnelish.com/bt,1,mcvpxrsxreqa.myfunnelish.com,https://mcvpxrsxreqa.myfunnelish.com/bt,0.00,50.0,false,false,
https://sp965047.sitebeat.crazydomains.com/,1,sp965047.sitebeat.crazydomains.com,https://sp965047.sitebeat.crazydomains.com/,0.00,50.0,false,false,
komplettbedrift.no,0,komplettbedrift.no,http://komplettbedrift.no/,0.00,50.0,false,true,
https://lineheightborder.web.app/,1,lineheightborder.web.app,https://lineheightborder.web.app/,15.00,50.0,false,false,
commonwealthcasualty.com,0,commonwealthcasualty.com,http://commonwealthcasualty.com/,0.00,50.0,false,true,
bc.support,0,bc.support,http://bc.support/,0.00,50.0,false,true,
godox.com,0,godox.com,http://godox.com/,7.06,50.0,false,true,
https://sistema-365-ec.webcindario.com/index.html,1,sistema-365-ec.webcindario.com,https://sistema-365-ec.webcindario.com/index.html,9.00,50.0,false,false,
https://servic-overhaul.start.page/,1,servic-overhaul.start.page,https://servic-overhaul.start.page/,15.00,50.0,false,false,
https://pub-8b5d025763dc430f9b12d777221d0254.r2.dev/AMEEEP9394.html,1,pub-8b5d025763dc430f9b12d777221d0254.r2.dev,https://pub-8b5d025763dc430f9b12d777221d0254.r2.dev/AMEEEP9394.html,21.43,50.0,false,false,
fancywin.win,0,fancywin.win,http://fancywin.win/,0.00,50.0,false,true,
opora.ru,0,opora.ru,http://opora.ru/,0.00,50.0,false,true,
https://slfcu-7e2f7.firebaseapp.com/,1,slfcu-7e2f7.firebaseapp.com,https://slfcu-7e2f7.firebaseapp.com/,3.53,50.0,false,false,
click1s.com,0,click1s.com,http://click1s.com/,0.00,50.0,false,true,
https://fr-shumy.web.app/,1,fr-shumy.web.app,https://fr-shumy.web.app/,15.00,50.0,false,false,
https://micro-105xp-joer896.weeblysite.com/,1,micro-105xp-joer896.weeblysite.com,https://micro-105xp-joer896.weeblysite.com/,4.29,50.0,false,false,
https://vitale-corps.com/,1,vitale-corps.com,https://vitale-corps.com/,21.43,50.0,false,false,
https://vfbgttytrcb.w3spaces.com/,1,vfbgttytrcb.w3spaces.com,https://vfbgttytrcb.w3spaces.com/,0.00,50.0,false,false,
https://new-document977.weebly.com/,1,new-document977.weebly.com,https://new-document977.weebly.com/,3.00,50.0,false,false,
akimboclub.com,0,akimboclub.com,http://akimboclub.com/,7.06,50.0,false,true,
http://allegrolokalnie.pl-oferta095152120.cfd/oferta/gitara-elektryczna-2006-ibanez-js-1000-black-pearl-made-in-japan,1,allegrolokalnie.pl-oferta095152120.cfd,http://allegrolokalnie.pl-oferta095152120.cfd/oferta/gitara-elektryczna-2006-ibanez-js-1000-black-pearl-made-in-japan,25.45,50.0,false,false,
http://www.ales.nysa.pl/media/ppq/,1,www.ales.nysa.pl,http://www.ales.nysa.pl/media/ppq/,0.00,50.0,false,false,
drlumbar.hu,0,drlumbar.hu,http://drlumbar.hu/,7.06,50.0,false,true,
elvetino.ch,0,elvetino.ch,http://elvetino.ch/,14.12,50.0,false,true,
https://videotronwebmai1.weebly.com/,1,videotronwebmai1.weebly.com,https://videotronwebmai1.weebly.com/,3.00,50.0,false,false,
https://jhugyfdxzsxfcgvhbjn.weebly.com/,1,jhugyfdxzsxfcgvhbjn.weebly.com,https://jhugyfdxzsxfcgvhbjn.weebly.com/,3.00,50.0,false,false,
https://threadandvelcrotfr.firebaseapp.com/,1,threadandvelcrotfr.firebaseapp.com,https://threadandvelcrotfr.firebaseapp.com/,3.53,50.0,false,false,
deck.lc,0,deck.lc,http://deck.lc/,0.00,50.0,false,true,
reamstories.com,0,reamstories.com,http://reamstories.com/,0.00,50.0,false,true,
worldbackupday.com,0,worldbackupday.com,http://worldbackupday.com/,0.00,50.0,false,true,
https://b74o64.webwave.dev/,1,b74o64.webwave.dev,https://b74o64.webwave.dev/,15.00,50.0,false,false,
arkansasethics.com,0,arkansasethics.com,http://arkansasethics.com/,0.00,50.0,false,true,
wellclicks.com,0,wellclicks.com,http://wellclicks.com/,0.00,50.0,false,true,
simplevoice.us,0,simplevoice.us,http://simplevoice.us/,7.06,50.0,false,true,
aboplaysedap.skin,0,aboplaysedap.skin,http://aboplaysedap.skin/,10.91,50.0,false,true,
https://iikimbra.weebly.com/,1,iikimbra.weebly.com,https://iikimbra.weebly.com/,3.00,50.0,false,false,
https://white-ar.com/?return_url=https://www.orange.fr/portail&_Authentication=ae68f129a67fe0bb72f5ec02f969219441d8fb20bfd56c010c04bb3db0a95db38b5b77a4f76beceee40978832cf2b4df631f24ef64bc8d37b47d5127,1,white-ar.com,https://white-ar.com/?_Authentication=ae68f129a67fe0bb72f5ec02f969219441d8fb20bfd56c010c04bb3db0a95db38b5b77a4f76beceee40978832cf2b4df631f24ef64bc8d37b47d5127&return_url=https%3A%2F%2Fwww.orange.fr%2Fportail,5.00,50.0,false,false,
vailresortscareers.com,0,vailresortscareers.com,http://vailresortscareers.com/,0.00,50.0,false,true,
asyawatch.com,0,asyawatch.com,http://asyawatch.com/,0.00,50.0,false,true,
https://pub-bf24647e843146a6a492b98bbb45b512.r2.dev/index.html,1,pub-bf24647e843146a6a492b98bbb45b512.r2.dev,https://pub-bf24647e843146a6a492b98bbb45b512.r2.dev/index.html,15.00,50.0,false,false,
hostprimer.com.br,0,hostprimer.com.br,http://hostprimer.com.br/,0.00,50.0,false,true,
elang212ion.com,0,elang212ion.com,http://elang212ion.com/,0.00,50.0,false,true,
https://webfhrhfsde.weebly.com/,1,webfhrhfsde.weebly.com,https://webfhrhfsde.weebly.com/,3.00,50.0,false,false,
nevalink.net,0,nevalink.net,http://nevalink.net/,0.00,50.0,false,true,
ces.com.mt,0,ces.com.mt,http://ces.com.mt/,0.00,50.0,false,true,
grupounibra.com,0,grupounibra.com,http://grupounibra.com/,0.00,50.0,false,true,
https://remarkable-blackberry-763894.framer.app/,1,remarkable-blackberry-763894.framer.app,https://remarkable-blackberry-763894.framer.app/,21.43,50.0,false,false,
pik-potsdam.de,0,pik-potsdam.de,http://pik-potsdam.de/,14.12,50.0,false,true,
https://vgf667dd.web.app/lm.html,1,vgf667dd.web.app,https://vgf667dd.web.app/lm.html,15.00,50.0,false,false,
https://fghf67hthtt.weebly.com/,1,fghf67hthtt.weebly.com,https://fghf67hthtt.weebly.com/,4.29,50.0,false,false,
eis.gov.lv,0,eis.gov.lv,http://eis.gov.lv/,14.12,50.0,false,true,
https://hafalmanaba.blogspot.com/,1,hafalmanaba.blogspot.com,https://hafalmanaba.blogspot.com/,3.53,50.0,false,false,
samaylive.com,0,samaylive.com,http://samaylive.com/,0.00,50.0,false,true,
https://saga.so/4615d028-117e-49ee-936e-084c449a2a98,1,saga.so,https://saga.so/4615d028-117e-49ee-936e-084c449a2a98,3.00,50.0,false,false,
addison-update.de,0,addison-update.de,http://addison-update.de/,21.82,50.0,false,true,
https://allthingskenton.com/asp/docusign-envelope-security-verification/,1,allthingskenton.com,https://allthingskenton.com/asp/docusign-envelope-security-verification/,0.00,50.0,false,false,
streamypros.com,0,streamypros.com,http://streamypros.com/,0.00,50.0,false,true,
mspbots.ai,0,mspbots.ai,http://mspbots.ai/,0.00,50.0,false,true,
https://vpostelerc.firebaseapp.com/,1,vpostelerc.firebaseapp.com,https://vpostelerc.firebaseapp.com/,3.53,50.0,false,false,
rdimarketing.com,0,rdimarketing.com,http://rdimarketing.com/,0.00,50.0,false,true,
milian.ai,0,milian.ai,http://milian.ai/,10.91,50.0,false,true,
csio.res.in,0,csio.res.in,http://csio.res.in/,0.00,50.0,false,true,
7777125.xyz,0,7777125.xyz,http://7777125.xyz/,0.00,50.0,false,true,
https://iccu-ie.firebaseapp.com/,1,iccu-ie.firebaseapp.com,https://iccu-ie.firebaseapp.com/,3.53,50.0,false,false,
named.net,0,named.net,http://named.net/,0.00,50.0,false,true,
https://attonlineverification1.weebly.com/,1,attonlineverification1.weebly.com,https://attonlineverification1.weebly.com/,3.00,50.0,false,false,
pixel-crm.net,0,pixel-crm.net,http://pixel-crm.net/,0.00,50.0,false,true,
huk24.de,0,huk24.de,http://huk24.de/,14.12,50.0,false,true,
avz-center.ru,0,avz-center.ru,http://avz-center.ru/,0.00,50.0,false,true,
clinicaloptions.com,0,clinicaloptions.com,http://clinicaloptions.com/,7.06,50.0,false,true,
https://smartsolhubnet.pages.dev/,1,smartsolhubnet.pages.dev,https://smartsolhubnet.pages.dev/,21.43,50.0,false,false,
vixensfetishtheater.com,0,vixensfetishtheater.com,http://vixensfetishtheater.com/,0.00,50.0,false,true,
https://wpcuwright1.weebly.com/,1,wpcuwright1.weebly.com,https://wpcuwright1.weebly.com/,4.29,50.0,false,false,
105ikb.com,0,105ikb.com,http://105ikb.com/,7.06,50.0,false,true,
https://letfinishthisonceagain.weebly.com/,1,letfinishthisonceagain.weebly.com,https://letfinishthisonceagain.weebly.com/,3.00,50.0,false,false,
comparetwolists.com,0,comparetwolists.com,http://comparetwolists.com/,0.00,50.0,false,true,
hitv.ltd,0,hitv.ltd,http://hitv.ltd/,0.00,50.0,false,true,
sparkasse-am-niederrhein.de,0,sparkasse-am-niederrhein.de,http://sparkasse-am-niederrhein.de/,14.12,50.0,false,true,
https://hjkl-db1e5.web.app/,1,hjkl-db1e5.web.app,https://hjkl-db1e5.web.app/,15.00,50.0,false,false,
ulife.com.br,0,ulife.com.br,http://ulife.com.br/,0.00,50.0,false,true,
https://app.formly.so/f/i8ujwt,1,app.formly.so,https://app.formly.so/f/i8ujwt,3.00,50.0,false,false,
http://ukcoiinbseprolozisg.godaddysites.com,1,ukcoiinbseprolozisg.godaddysites.com,http://ukcoiinbseprolozisg.godaddysites.com/,0.00,50.0,false,false,
https://produbanec.webcindario.com/,1,produbanec.webcindario.com,https://produbanec.webcindario.com/,9.00,50.0,false,false,
mobile-promotion.com,0,mobile-promotion.com,http://mobile-promotion.com/,0.00,50.0,false,true,
https://pub-8e63259eff0b4937a0774c5beb36fae6.r2.dev/mistamandy71upda.html,1,pub-8e63259eff0b4937a0774c5beb36fae6.r2.dev,https://pub-8e63259eff0b4937a0774c5beb36fae6.r2.dev/mistamandy71upda.html,15.00,50.0,false,false,
hatchvault.co.uk,0,hatchvault.co.uk,http://hatchvault.co.uk/,0.00,50.0,false,true,
https://arvigmaii404.weebly.com/,1,arvigmaii404.weebly.com,https://arvigmaii404.weebly.com/,3.00,50.0,false,false,
li9a17-progalaxi.lat,0,li9a17-progalaxi.lat,http://li9a17-progalaxi.lat/,7.06,50.0,false,true,
samgarage.in,0,samgarage.in,http://samgarage.in/,0.00,50.0,false,true,
lie.net,0,lie.net,http://lie.net/,0.00,50.0,false,true,
https://app-convergepay.co.com/,1,app-convergepay.co.com,https://app-convergepay.co.com/,0.00,50.0,false,false,
registroarchimede.it,0,registroarchimede.it,http://registroarchimede.it/,0.00,50.0,false,true,
greendotonline.com,0,greendotonline.com,http://greendotonline.com/,0.00,50.0,false,true,
hi-precision.com.ph,0,hi-precision.com.ph,http://hi-precision.com.ph/,0.00,50.0,false,true,
https://caseid100589734589347589435.firebaseapp.com/,1,caseid100589734589347589435.firebaseapp.com,https://caseid100589734589347589435.firebaseapp.com/,3.53,50.0,false,false,
luxeadventuretraveler.com,0,luxeadventuretraveler.com,http://luxeadventuretraveler.com/,0.00,50.0,false,true,
https://rfhba.com/bill-new/,1,rfhba.com,https://rfhba.com/bill-new/,3.00,50.0,false,false,
https://customer-iam-297e8.firebaseapp.com/,1,customer-iam-297e8.firebaseapp.com,https://customer-iam-297e8.firebaseapp.com/,10.59,50.0,false,false,
https://dayspringadmissions.firebaseapp.com/,1,dayspringadmissions.firebaseapp.com,https://dayspringadmissions.firebaseapp.com/,3.53,50.0,false,false,
lodephomnayvip.com,0,lodephomnayvip.com,http://lodephomnayvip.com/,0.00,50.0,false,true,
radiostudio107milano.it,0,radiostudio107milano.it,http://radiostudio107milano.it/,0.00,50.0,false,true,
lebronjames.com,0,lebronjames.com,http://lebronjames.com/,0.00,50.0,false,true,
1xbet-zuhd.top,0,1xbet-zuhd.top,http://1xbet-zuhd.top/,10.91,50.0,false,true,
https://httpshttpshttpshttpshttpshttpshttpshttpshttpshttpssporty.weebly.com/,1,httpshttpshttpshttpshttpshttpshttpshttpshttpshttpssporty.weebly.com,https://httpshttpshttpshttpshttpshttpshttpshttpshttpshttpssporty.weebly.com/,3.00,50.0,false,false,
https://forms.app/form/6671211344ef84f12e915747,1,forms.app,https://forms.app/form/6671211344ef84f12e915747,15.00,50.0,false,false,
https://warning-acounts.start.page/,1,warning-acounts.start.page,https://warning-acounts.start.page/,15.00,50.0,false,false,
https://dorothypandorasbox.wixsite.com/my-site-1,1,dorothypandorasbox.wixsite.com,https://dorothypandorasbox.wixsite.com/my-site-1,3.53,50.0,false,false,
rehikon.fi,0,rehikon.fi,http://rehikon.fi/,0.00,50.0,false,true,
procor.be,0,procor.be,http://procor.be/,0.00,50.0,false,true,
https://notedefraisbist.web.app/,1,notedefraisbist.web.app,https://notedefraisbist.web.app/,15.00,50.0,false,false,
greekhost.gr,0,greekhost.gr,http://greekhost.gr/,0.00,50.0,false,true,
https://lbpproseanhs.web.app/,1,lbpproseanhs.web.app,https://lbpproseanhs.web.app/,15.00,50.0,false,false,
https://dappswalletsnode.web.app/,1,dappswalletsnode.web.app,https://dappswalletsnode.web.app/,15.00,50.0,false,false,
https://homepage-teach.ghost.io/desktop/,1,homepage-teach.ghost.io,https://homepage-teach.ghost.io/desktop/,4.29,50.0,false,false,
https://bafkreifzndah5r4hq5gvrzetwaaavn5zy6xdf7gw6ssp4uddfh5vme5l3e.ipfs.dweb.link/,1,bafkreifzndah5r4hq5gvrzetwaaavn5zy6xdf7gw6ssp4uddfh5vme5l3e.ipfs.dweb.link,https://bafkreifzndah5r4hq5gvrzetwaaavn5zy6xdf7gw6ssp4uddfh5vme5l3e.ipfs.dweb.link/,5.00,50.0,false,false,
https://storage-uuu-45t45aa.sfo3.digitaloceanspaces.com/cloud_billing_v6z.html?,1,storage-uuu-45t45aa.sfo3.digitaloceanspaces.com,https://storage-uuu-45t45aa.sfo3.digitaloceanspaces.com/cloud_billing_v6z.html,0.00,50.0,false,false,
https://www.aseguratuvida360.com/1/2/cardifseguritycolombia.php,1,www.aseguratuvida360.com,https://www.aseguratuvida360.com/1/2/cardifseguritycolombia.php,0.00,50.0,false,false,
thepiratebay11.com,0,thepiratebay11.com,http://thepiratebay11.com/,0.00,50.0,false,true,
tobe-community.jp,0,tobe-community.jp,,,50.0,,,"HTTPConnectionPool(host='localhost', port=8000): Read timed out. (read timeout=15)"
ksk-diepholz.de,0,ksk-diepholz.de,,,50.0,,,"HTTPConnectionPool(host='localhost', port=8000): Read timed out. (read timeout=15)"
gourministeriet.dk,0,gourministeriet.dk,,,50.0,,,"HTTPConnectionPool(host='localhost', port=8000): Read timed out. (read timeout=15)"
talentnetwork.vn,0,talentnetwork.vn,http://talentnetwork.vn/,0.00,50.0,false,true,
belumberuntung.xyz,0,belumberuntung.xyz,http://belumberuntung.xyz/,0.00,50.0,false,true,
https://eboardaurthur.weeblysite.com/,1,eboardaurthur.weeblysite.com,https://eboardaurthur.weeblysite.com/,4.29,50.0,false,false,
stevelukather.com,0,stevelukather.com,http://stevelukather.com/,0.00,50.0,false,true,
https://retrieve-2d6f3.firebaseapp.com/,1,retrieve-2d6f3.firebaseapp.com,https://retrieve-2d6f3.firebaseapp.com/,3.53,50.0,false,false,
https://ybcgvuuumn.web.app/,1,ybcgvuuumn.web.app,https://ybcgvuuumn.web.app/,15.00,50.0,false,false,
musk-group.com,0,musk-group.com,http://musk-group.com/,0.00,50.0,false,true,
https://2fhb0c.share-eu1.hsforms.com/207DmM6J_TwqosIcAwMrwMw,1,2fhb0c.share-eu1.hsforms.com,https://2fhb0c.share-eu1.hsforms.com/207DmM6J_TwqosIcAwMrwMw,3.00,50.0,false,false,
axparis.com,0,axparis.com,http://axparis.com/,0.00,50.0,false,true,
codearq.net,0,codearq.net,http://codearq.net/,0.00,50.0,false,true,
gsam.com,0,gsam.com,,,50.0,,,"HTTPConnectionPool(host='localhost', port=8000): Read timed out. (read timeout=15)"
http://islahat.az/link.html,1,islahat.az,http://islahat.az/link.html,0.00,50.0,false,false,
https://bmrrcjjjjwv.web.app/,1,bmrrcjjjjwv.web.app,https://bmrrcjjjjwv.web.app/,15.00,50.0,false,false,
https://uverdnes.cz/,1,uverdnes.cz,https://uverdnes.cz/,3.00,50.0,false,false,
https://convite-31278553467.southamerica-east1.run.app/?giovannaangelr@hotmail.com,1,convite-31278553467.southamerica-east1.run.app,https://convite-31278553467.southamerica-east1.run.app/?giovannaangelr%40hotmail.com=,17.00,50.0,false,false,
dnscontrol.top,0,dnscontrol.top,http://dnscontrol.top/,0.00,50.0,false,true,
efendikral.com,0,efendikral.com,http://efendikral.com/,0.00,50.0,false,true,
fikriyat.com,0,fikriyat.com,http://fikriyat.com/,0.00,50.0,false,true,
ispinnyworks.in,0,ispinnyworks.in,http://ispinnyworks.in/,0.00,50.0,false,true,
http://crispy-fortnight-mocha.vercel.app,1,crispy-fortnight-mocha.vercel.app,http://crispy-fortnight-mocha.vercel.app/,21.82,50.0,false,false,
https://pub-5a533b66fc614517b92f5493ea982e93.r2.dev/index.html,1,pub-5a533b66fc614517b92f5493ea982e93.r2.dev,https://pub-5a533b66fc614517b92f5493ea982e93.r2.dev/index.html,15.00,50.0,false,false,
shinnihonseiyaku.co.jp,0,shinnihonseiyaku.co.jp,http://shinnihonseiyaku.co.jp/,0.00,50.0,false,true,
unicostudio.app,0,unicostudio.app,http://unicostudio.app/,21.82,50.0,false,true,
https://18outlook.weebly.com/,1,18outlook.weebly.com,https://18outlook.weebly.com/,3.00,50.0,false,false,
https://livewithme-echa.weebly.com/,1,livewithme-echa.weebly.com,https://livewithme-echa.weebly.com/,3.00,50.0,false,false,
fritz.box,0,fritz.box,http://fritz.box/,0.00,50.0,false,true,
http://allegro.pl-oferta873590.cfd,1,allegro.pl-oferta873590.cfd,http://allegro.pl-oferta873590.cfd/,21.82,50.0,false,false,
empiretoday.com,0,empiretoday.com,http://empiretoday.com/,0.00,50.0,false,true,
fridastore.com.ar,0,fridastore.com.ar,http://fridastore.com.ar/,0.00,50.0,false,true,
gameshop2000.ru,0,gameshop2000.ru,http://gameshop2000.ru/,0.00,50.0,false,true,
4x4megaworldonline.com,0,4x4megaworldonline.com,http://4x4megaworldonline.com/,35.29,50.0,false,true,
neurosciencenews.com,0,neurosciencenews.com,http://neurosciencenews.com/,0.00,50.0,false,true,
renn.es,0,renn.es,http://renn.es/,14.12,50.0,false,true,
https://bhcdbjhcdbhcdhdh.weebly.com/,1,bhcdbjhcdbhcdhdh.weebly.com,https://bhcdbjhcdbhcdhdh.weebly.com/,4.29,50.0,false,false,
https://pub-ed63458a17e048da8587e5eb322d4fa7.r2.dev/index.html,1,pub-ed63458a17e048da8587e5eb322d4fa7.r2.dev,https://pub-ed63458a17e048da8587e5eb322d4fa7.r2.dev/index.html,15.00,50.0,false,false,
https://mshparis1ntranet.weebly.com/,1,mshparis1ntranet.weebly.com,https://mshparis1ntranet.weebly.com/,3.00,50.0,false,false,
https://atmc-107564young.weeblysite.com/,1,atmc-107564young.weeblysite.com,https://atmc-107564young.weeblysite.com/,3.00,50.0,false,false,
scbanda.com,0,scbanda.com,http://scbanda.com/,28.24,50.0,false,true,
https://moneyfusion.net/login?tab=signin&verified=failed,1,moneyfusion.net,https://moneyfusion.net/login?tab=signin&verified=failed,8.00,50.0,false,false,
nexc.cloud,0,nexc.cloud,http://nexc.cloud/,0.00,50.0,false,true,
https://bafkreicy7ht4ohaynzwjaq2wqfj3eqnho3uqckbgdimdvwjpd53d2uj72u.ipfs.dweb.link/,1,bafkreicy7ht4ohaynzwjaq2wqfj3eqnho3uqckbgdimdvwjpd53d2uj72u.ipfs.dweb.link,https://bafkreicy7ht4ohaynzwjaq2wqfj3eqnho3uqckbgdimdvwjpd53d2uj72u.ipfs.dweb.link/,5.00,50.0,false,false,
megasrv.de,0,megasrv.de,http://megasrv.de/,14.12,50.0,false,true,
toreca.net,0,toreca.net,http://toreca.net/,0.00,50.0,false,true,
777betpk.com,0,777betpk.com,http://777betpk.com/,0.00,50.0,false,true,
https://site-nd66k01c9.godaddysites.com/,1,site-nd66k01c9.godaddysites.com,https://site-nd66k01c9.godaddysites.com/,3.00,50.0,false,false,
https://azevilianmys.firebaseapp.com/,1,azevilianmys.firebaseapp.com,https://azevilianmys.firebaseapp.com/,3.53,50.0,false,false,
https://attupdateinfools.boxmode.io/,1,attupdateinfools.boxmode.io,https://attupdateinfools.boxmode.io/,3.00,50.0,false,false,
https://dk11863350763.activehosted.com/admin/archived_user.php,1,dk11863350763.activehosted.com,https://dk11863350763.activehosted.com/admin/archived_user.php,3.00,50.0,false,false,
1w3e4r.com,0,1w3e4r.com,http://1w3e4r.com/,7.06,50.0,false,true,
https://out049340034365.firebaseapp.com/,1,out049340034365.firebaseapp.com,https://out049340034365.firebaseapp.com/,3.53,50.0,false,false,
cicle.app,0,cicle.app,http://cicle.app/,21.82,50.0,false,true,
https://securitech-hk.com/docomo/,1,securitech-hk.com,https://securitech-hk.com/docomo/,0.00,50.0,false,false,
rosettastoneenterprise.com,0,rosettastoneenterprise.com,http://rosettastoneenterprise.com/,0.00,50.0,false,true,
https://xzsmoloutra.web.app/,1,xzsmoloutra.web.app,https://xzsmoloutra.web.app/,15.00,50.0,false,false,
https://farayankarasetisnis.web.app/,1,farayankarasetisnis.web.app,https://farayankarasetisnis.web.app/,15.00,50.0,false,false,
retiolus.net,0,retiolus.net,http://retiolus.net/,0.00,50.0,false,true,
realhosters.com,0,realhosters.com,http://realhosters.com/,0.00,50.0,false,true,
fjc.gov,0,fjc.gov,http://fjc.gov/,0.00,50.0,false,true,
atnews.it,0,atnews.it,http://atnews.it/,28.24,50.0,false,true,
forbes.com.au,0,forbes.com.au,http://forbes.com.au/,21.18,50.0,false,true,
https://hizli-basvurum.vip/hizligirisiniz.php,1,hizli-basvurum.vip,https://hizli-basvurum.vip/hizligirisiniz.php,21.43,50.0,false,false,
https://dqskdlqskdqsodlksqdq.blogspot.com/,1,dqskdlqskdqsodlksqdq.blogspot.com,https://dqskdlqskdqsodlksqdq.blogspot.com/,3.53,50.0,false,false,
https://exodusweb3-en-usa.pages.dev,1,exodusweb3-en-usa.pages.dev,https://exodusweb3-en-usa.pages.dev/,21.43,50.0,false,false,
dagensmenu.dk,0,dagensmenu.dk,http://dagensmenu.dk/,0.00,50.0,false,true,
sesebooks.com,0,sesebooks.com,http://sesebooks.com/,0.00,50.0,false,true,
save-on-crafts.com,0,save-on-crafts.com,http://save-on-crafts.com/,0.00,50.0,false,true,
https://teal-level-688649.framer.app/,1,teal-level-688649.framer.app,https://teal-level-688649.framer.app/,21.43,50.0,false,false,
https://numerous-site-687350.framer.app/,1,numerous-site-687350.framer.app,https://numerous-site-687350.framer.app/,21.43,50.0,false,false,
gb8888.net,0,gb8888.net,http://gb8888.net/,0.00,50.0,false,true,
https://pub-b0cd4defd5a74909a31ab4fa95047de2.r2.dev/link%20(15).html,1,pub-b0cd4defd5a74909a31ab4fa95047de2.r2.dev,https://pub-b0cd4defd5a74909a31ab4fa95047de2.r2.dev/link%20(15).html,15.00,50.0,false,false,
https://ebanking-centier.web.app/,1,ebanking-centier.web.app,https://ebanking-centier.web.app/,15.00,50.0,false,false,
jkingsoft.com,0,jkingsoft.com,http://jkingsoft.com/,0.00,50.0,false,true,
https://09636.weebly.com/,1,09636.weebly.com,https://09636.weebly.com/,3.00,50.0,false,false,
groupdocs.cloud,0,groupdocs.cloud,http://groupdocs.cloud/,7.06,50.0,false,true,
https://darb.qmobility3.com/,1,darb.qmobility3.com,https://darb.qmobility3.com/,10.91,50.0,false,false,
https://shentelnetsing.weebly.com/,1,shentelnetsing.weebly.com,https://shentelnetsing.weebly.com/,3.00,50.0,false,false,
https://cancelkly-northstar-user.firebaseapp.com/,1,cancelkly-northstar-user.firebaseapp.com,https://cancelkly-northstar-user.firebaseapp.com/,3.53,50.0,false,false,
https://telkomupgrade.weebly.com/,1,telkomupgrade.weebly.com,https://telkomupgrade.weebly.com/,3.00,50.0,false,false,
https://joeherd.mvt.so/,1,joeherd.mvt.so,https://joeherd.mvt.so/,3.00,50.0,false,false,
https://2farmersb4nk76.weebly.com/,1,2farmersb4nk76.weebly.com,https://2farmersb4nk76.weebly.com/,3.00,50.0,false,false,
https://kse65-7a22a.web.app/,1,kse65-7a22a.web.app,https://kse65-7a22a.web.app/,15.00,50.0,false,false,
engagio.com,0,engagio.com,http://engagio.com/,0.00,50.0,false,true,
dt-updates.com,0,dt-updates.com,http://dt-updates.com/,0.00,50.0,false,true,
adexperu.edu.pe,0,adexperu.edu.pe,http://adexperu.edu.pe/,21.82,50.0,false,true,
japeddesmid.cfd,0,japeddesmid.cfd,http://japeddesmid.cfd/,21.82,50.0,false,true,
https://qdirjj.webwave.dev/,1,qdirjj.webwave.dev,https://qdirjj.webwave.dev/,15.00,50.0,false,false,
cfmaeroengines.com,0,cfmaeroengines.com,http://cfmaeroengines.com/,0.00,50.0,false,true,
https://po-trade.github.io/login/oauth2/signin.html,1,po-trade.github.io,https://po-trade.github.io/login/oauth2/signin.html,20.00,50.0,false,false,
slsc.org,0,slsc.org,http://slsc.org/,7.06,50.0,false,true,
https://grundwesterl.web.app/,1,grundwesterl.web.app,https://grundwesterl.web.app/,15.00,50.0,false,false,
friends2follow.com,0,friends2follow.com,http://friends2follow.com/,0.00,50.0,false,true,
itpe.co.kr,0,itpe.co.kr,http://itpe.co.kr/,7.06,50.0,false,true,
https://booonoboo00150.firebaseapp.com/,1,booonoboo00150.firebaseapp.com,https://booonoboo00150.firebaseapp.com/,3.53,50.0,false,false,
https://login-mail-review.prodalry.live/ovh/?email=#,1,login-mail-review.prodalry.live,https://login-mail-review.prodalry.live/ovh/?email=,21.82,50.0,false,false,
https://notificationalserverwebmail.weebly.com/,1,notificationalserverwebmail.weebly.com,https://notificationalserverwebmail.weebly.com/,3.00,50.0,false,false,
https://n07ukcgs2x2.typeform.com/ATTsecureportal,1,n07ukcgs2x2.typeform.com,https://n07ukcgs2x2.typeform.com/ATTsecureportal,11.00,50.0,false,false,
klinisyen.com,0,klinisyen.com,http://klinisyen.com/,0.00,50.0,false,true,
xlhost.com.ua,0,xlhost.com.ua,http://xlhost.com.ua/,0.00,50.0,false,true,
https://wbc1.webcindario.com/,1,wbc1.webcindario.com,https://wbc1.webcindario.com/,9.00,50.0,false,false,
https://17469150.xyz/k0tfyftc/z5WxWj/JiITGR,1,17469150.xyz,https://17469150.xyz/k0tfyftc/z5WxWj/JiITGR,21.82,50.0,false,false,
chamberdata.net,0,chamberdata.net,http://chamberdata.net/,0.00,50.0,false,true,
https://snapchatunlocker1.weebly.com/,1,snapchatunlocker1.weebly.com,https://snapchatunlocker1.weebly.com/,3.00,50.0,false,false,
root-servers.net,0,root-servers.net,http://root-servers.net/,0.00,50.0,false,true,
https://pkobp-ikplijtxjt.diue.de/R6eUMtUbOWxKYW7KltXh/ikPLIJtXjT/R6eUMtUbOWxKYW7KltXh4D9qgen/uZJs9/R6eUMtUbOWxKYW7KltXh/Zgloszenia.karty/CoeOla/pkobp.pl/R6eUMtUbOWxKYW7KltXhikPLIJtXjT,1,pkobp-ikplijtxjt.diue.de,https://pkobp-ikplijtxjt.diue.de/R6eUMtUbOWxKYW7KltXh/ikPLIJtXjT/R6eUMtUbOWxKYW7KltXh4D9qgen/uZJs9/R6eUMtUbOWxKYW7KltXh/Zgloszenia.karty/CoeOla/pkobp.pl/R6eUMtUbOWxKYW7KltXhikPLIJtXjT,24.29,50.0,false,false,
indianrailways.gov.in,0,indianrailways.gov.in,http://indianrailways.gov.in/,0.00,50.0,false,true,
https://paiements-autoroute.com/,1,paiements-autoroute.com,https://paiements-autoroute.com/,3.00,50.0,false,false,
renault.com,0,renault.com,http://renault.com/,0.00,50.0,false,true,
amada.eu,0,amada.eu,http://amada.eu/,21.18,50.0,false,true,
https://bafkreidrfhbmxe7a6slnmj7vrqpgnyaaal2iqjzcqydl6hxlls43m4iqv4.ipfs.dweb.link/,1,bafkreidrfhbmxe7a6slnmj7vrqpgnyaaal2iqjzcqydl6hxlls43m4iqv4.ipfs.dweb.link,https://bafkreidrfhbmxe7a6slnmj7vrqpgnyaaal2iqjzcqydl6hxlls43m4iqv4.ipfs.dweb.link/,5.00,50.0,false,false,
https://tuya365info.frappe.cloud/loggin,1,tuya365info.frappe.cloud,https://tuya365info.frappe.cloud/loggin,3.00,50.0,false,false,
https://conclusive-blackberry-990236.framer.app/,1,conclusive-blackberry-990236.framer.app,https://conclusive-blackberry-990236.framer.app/,21.43,50.0,false,false,
grademiners.com,0,grademiners.com,http://grademiners.com/,0.00,50.0,false,true,
https://estarrcfe2.myportfolio.com/,1,estarrcfe2.myportfolio.com,https://estarrcfe2.myportfolio.com/,3.00,50.0,false,false,
nba2klab.com,0,nba2klab.com,http://nba2klab.com/,0.00,50.0,false,true,
https://my-ee-details.web.app/,1,my-ee-details.web.app,https://my-ee-details.web.app/,15.00,50.0,false,false,
https://jqme8zxx.forms.app/paiementss-vinted-credits-vinted-refss,1,jqme8zxx.forms.app,https://jqme8zxx.forms.app/paiementss-vinted-credits-vinted-refss,15.00,50.0,false,false,
https://message-voice.weebly.com/,1,message-voice.weebly.com,https://message-voice.weebly.com/,3.00,50.0,false,false,
kultur.jp,0,kultur.jp,http://kultur.jp/,0.00,50.0,false,true,
keunglee.com,0,keunglee.com,http://keunglee.com/,10.91,50.0,false,true,
https://arsrsffarcw.w3spaces.com/tgatsvshbs.html,1,arsrsffarcw.w3spaces.com,https://arsrsffarcw.w3spaces.com/tgatsvshbs.html,0.00,50.0,false,false,
sapjam.com,0,sapjam.com,http://sapjam.com/,0.00,50.0,false,true,
https://gopesine-teraxionat-gitlab-io-11168d.gitlab.io/?resson&op=c&mainid=32144&em=216902700_163584_566544,1,gopesine-teraxionat-gitlab-io-11168d.gitlab.io,https://gopesine-teraxionat-gitlab-io-11168d.gitlab.io/?em=216902700_163584_566544&mainid=32144&op=c&resson=,14.00,50.0,false,false,
markveiling.nl,0,markveiling.nl,http://markveiling.nl/,28.24,50.0,false,true,
prideteam.ru,0,prideteam.ru,http://prideteam.ru/,0.00,50.0,false,true,
d4planner.io,0,d4planner.io,http://d4planner.io/,0.00,50.0,false,true,
coloksgp552.com,0,coloksgp552.com,http://coloksgp552.com/,10.91,50.0,false,true,
pardistown.com,0,pardistown.com,http://pardistown.com/,0.00,50.0,false,true,
proppit.com,0,proppit.com,http://proppit.com/,7.06,50.0,false,true,
https://specificst.weebly.com/,1,specificst.weebly.com,https://specificst.weebly.com/,3.00,50.0,false,false,
al-taj.ru,0,al-taj.ru,http://al-taj.ru/,0.00,50.0,false,true,
https://pub-b9beb95597004580babdef7ebc75c54e.r2.dev/index.html,1,pub-b9beb95597004580babdef7ebc75c54e.r2.dev,https://pub-b9beb95597004580babdef7ebc75c54e.r2.dev/index.html,15.00,50.0,false,false,
sportpalace.com.mx,0,sportpalace.com.mx,http://sportpalace.com.mx/,28.24,50.0,false,true,
https://remigiorizzo2orr.blogspot.com/?m=1,1,remigiorizzo2orr.blogspot.com,https://remigiorizzo2orr.blogspot.com/?m=1,3.53,50.0,false,false,
http://allegro.pl-id746283882.cfd,1,allegro.pl-id746283882.cfd,http://allegro.pl-id746283882.cfd/,21.82,50.0,false,false,
https://link.glazem.eu/prtWW1n1OPE7KTO3qHnb9hGfNmVOJbE4V.aspx,1,link.glazem.eu,https://link.glazem.eu/prtWW1n1OPE7KTO3qHnb9hGfNmVOJbE4V.aspx,21.43,50.0,false,false,
goodporno.black,0,goodporno.black,http://goodporno.black/,0.00,50.0,false,true,
https://hsdhewuiew3sdhjs.weebly.com/,1,hsdhewuiew3sdhjs.weebly.com,https://hsdhewuiew3sdhjs.weebly.com/,4.29,50.0,false,false,
https://pub-785ceff4c7744e0291ce10ad33e52189.r2.dev/link(2).html,1,pub-785ceff4c7744e0291ce10ad33e52189.r2.dev,https://pub-785ceff4c7744e0291ce10ad33e52189.r2.dev/link(2).html,15.00,50.0,false,false,
https://pub-3788ad253a724df58bca46bea734ea9e.r2.dev/index.html,1,pub-3788ad253a724df58bca46bea734ea9e.r2.dev,https://pub-3788ad253a724df58bca46bea734ea9e.r2.dev/index.html,15.00,50.0,false,false,
myoland.com,0,myoland.com,http://myoland.com/,0.00,50.0,false,true,
hostingcosmos.com,0,hostingcosmos.com,http://hostingcosmos.com/,0.00,50.0,false,true,
http://pub-d44e201c1f3e400586cb81b0f2d48f61.r2.dev/owasecure.htm,1,pub-d44e201c1f3e400586cb81b0f2d48f61.r2.dev,http://pub-d44e201c1f3e400586cb81b0f2d48f61.r2.dev/owasecure.htm,20.00,50.0,false,false,
casadecampo.com.do,0,casadecampo.com.do,http://casadecampo.com.do/,0.00,50.0,false,true,
https://nchdkjfgkdfgjdhgkjdfhgdfghkdfkjgdrdfgdf-2915.twil.io/ndhhdhde.html,1,nchdkjfgkdfgjdhgkjdfhgdfghkdfkjgdrdfgdf-2915.twil.io,https://nchdkjfgkdfgjdhgkjdfhgdfghkdfkjgdrdfgdf-2915.twil.io/ndhhdhde.html,0.00,50.0,false,false,
com-hotel.com,0,com-hotel.com,http://com-hotel.com/,0.00,50.0,false,true,
https://45129083.xyz/dghgwogd/uIhTy0/rNXO2u,1,45129083.xyz,https://45129083.xyz/dghgwogd/uIhTy0/rNXO2u,21.82,50.0,false,false,
https://ipdfosose.web.app/,1,ipdfosose.web.app,https://ipdfosose.web.app/,15.00,50.0,false,false,
https://pub-81e69ab627b54f74b060521747588b55.r2.dev/index.html,1,pub-81e69ab627b54f74b060521747588b55.r2.dev,https://pub-81e69ab627b54f74b060521747588b55.r2.dev/index.html,15.00,50.0,false,false,
http://allegrolokalnie.pl-oferta283742938364.sbs,1,allegrolokalnie.pl-oferta283742938364.sbs,http://allegrolokalnie.pl-oferta283742938364.sbs/,21.82,50.0,false,false,
https://global-download.ghost.io/en-desktop/,1,global-download.ghost.io,https://global-download.ghost.io/en-desktop/,12.00,50.0,false,false,
https://relayfr-post.com/,1,relayfr-post.com,https://relayfr-post.com/,21.43,50.0,false,false,
https://vali0darl1nea.webcindario.com/,1,vali0darl1nea.webcindario.com,https://vali0darl1nea.webcindario.com/,9.00,50.0,false,false,
salu-develper.com,0,salu-develper.com,http://salu-develper.com/,14.12,50.0,false,true,
https://exodus.wasmer.app/,1,exodus.wasmer.app,https://exodus.wasmer.app/,15.00,50.0,false,false,
https://twopagans.com/,1,twopagans.com,https://twopagans.com/,3.00,50.0,false,false,
https://pub-d032309cea2a431c8da17899c3ed68b2.r2.dev/index.html,1,pub-d032309cea2a431c8da17899c3ed68b2.r2.dev,https://pub-d032309cea2a431c8da17899c3ed68b2.r2.dev/index.html,15.00,50.0,false,false,
https://wwxhajudjgwjklckvzgs11.firebaseapp.com/,1,wwxhajudjgwjklckvzgs11.firebaseapp.com,https://wwxhajudjgwjklckvzgs11.firebaseapp.com/,3.53,50.0,false,false,
mso-chrono.ch,0,mso-chrono.ch,http://mso-chrono.ch/,14.12,50.0,false,true,
https://d-e19c099-e77026b-588c55-bd6b45-e1f8817.pages.dev/veriauth,1,d-e19c099-e77026b-588c55-bd6b45-e1f8817.pages.dev,https://d-e19c099-e77026b-588c55-bd6b45-e1f8817.pages.dev/veriauth,15.00,50.0,false,false,
https://d9gff8hbb.cc.rs6.net/tn.jsp?f=0018YLsxCKR3NFhRR35VKYCvDKD5vzCge7BU-HE579frftjPswyW2xrgOnodPup9h27ytyVSQrjgyoTcPXCOpiFbI3nrQ-b4khfrcvm65TBspGljSr2nDbUZQqXJr4N6Wt5SaiB53SXbbBjgnXw_R11lFz2TnsFil5U2aimfV3Xo63yq18pbi6gF1UgP7VAHxNWYAueI7ApfDm858ccbQpcu653VDmAkZQnGzYcNeHSncQ-7-Eltg3RDIIgewsBcQhedPwTpIB230y1rVWURjYKXZe6Q1nlI0joIq0-Ht_48qlx-N2TaM6qz-IE6q9nxVZ9&amp;amp,1,d9gff8hbb.cc.rs6.net,https://d9gff8hbb.cc.rs6.net/tn.jsp?amp%3Bamp=&f=0018YLsxCKR3NFhRR35VKYCvDKD5vzCge7BU-HE579frftjPswyW2xrgOnodPup9h27ytyVSQrjgyoTcPXCOpiFbI3nrQ-b4khfrcvm65TBspGljSr2nDbUZQqXJr4N6Wt5SaiB53SXbbBjgnXw_R11lFz2TnsFil5U2aimfV3Xo63yq18pbi6gF1UgP7VAHxNWYAueI7ApfDm858ccbQpcu653VDmAkZQnGzYcNeHSncQ-7-Eltg3RDIIgewsBcQhedPwTpIB230y1rVWURjYKXZe6Q1nlI0joIq0-Ht_48qlx-N2TaM6qz-IE6q9nxVZ9,3.64,50.0,false,false,
ashoo.wtf,0,ashoo.wtf,http://ashoo.wtf/,0.00,50.0,false,true,
http://uniswap.vg,1,uniswap.vg,http://uniswap.vg/,21.82,50.0,false,false,
https://sugigrahaindah.com/assets/img/,1,sugigrahaindah.com,https://sugigrahaindah.com/assets/img/,9.00,50.0,false,false,
62yun.ru,0,62yun.ru,http://62yun.ru/,28.24,50.0,false,true,
myloview.pl,0,myloview.pl,http://myloview.pl/,7.06,50.0,false,true,
https://shaw-101828.square.site/,1,shaw-101828.square.site,https://shaw-101828.square.site/,3.53,50.0,false,false,
https://kckjzjnrkb.firebaseapp.com/,1,kckjzjnrkb.firebaseapp.com,https://kckjzjnrkb.firebaseapp.com/,3.53,50.0,false,false,
gulfkeralavacancys.com,0,gulfkeralavacancys.com,http://gulfkeralavacancys.com/,0.00,50.0,false,true,
https://tapkit.me/BTCOMSSQ,1,tapkit.me,https://tapkit.me/BTCOMSSQ,3.00,50.0,false,false,
https://postoffice-co-za.web.app/,1,postoffice-co-za.web.app,https://postoffice-co-za.web.app/,15.00,50.0,false,false,
https://connect3rivers-fcu.firebaseapp.com/,1,connect3rivers-fcu.firebaseapp.com,https://connect3rivers-fcu.firebaseapp.com/,3.53,50.0,false,false,
https://pub-85c8ac492a5e41d7b0fad25337aa69f6.r2.dev/index.html,1,pub-85c8ac492a5e41d7b0fad25337aa69f6.r2.dev,https://pub-85c8ac492a5e41d7b0fad25337aa69f6.r2.dev/index.html,15.00,50.0,false,false,
glamlora.co.uk,0,glamlora.co.uk,http://glamlora.co.uk/,0.00,50.0,false,true,
coinzillatag.com,0,coinzillatag.com,http://coinzillatag.com/,0.00,50.0,false,true,
enregistre-le.site,0,enregistre-le.site,http://enregistre-le.site/,0.00,50.0,false,true,
https://bafkreihildobrerhc2al3pystbjdr5iwint5hlqepk7n36oe2juatk2m3u.ipfs.dweb.link/,1,bafkreihildobrerhc2al3pystbjdr5iwint5hlqepk7n36oe2juatk2m3u.ipfs.dweb.link,https://bafkreihildobrerhc2al3pystbjdr5iwint5hlqepk7n36oe2juatk2m3u.ipfs.dweb.link/,5.00,50.0,false,false,
pntra.com,0,pntra.com,http://pntra.com/,0.00,50.0,false,true,
https://ijohuiygutyr567.webcindario.com/,1,ijohuiygutyr567.webcindario.com,https://ijohuiygutyr567.webcindario.com/,9.00,50.0,false,false,
flexuro.net,0,flexuro.net,http://flexuro.net/,0.00,50.0,false,true,
https://huxqkait.web.app/,1,huxqkait.web.app,https://huxqkait.web.app/,15.00,50.0,false,false,
https://review-login-mobile.firebaseapp.com/,1,review-login-mobile.firebaseapp.com,https://review-login-mobile.firebaseapp.com/,3.53,50.0,false,false,
https://mailtelsu7.weebly.com/,1,mailtelsu7.weebly.com,https://mailtelsu7.weebly.com/,3.00,50.0,false,false,
6566fun.com,0,6566fun.com,http://6566fun.com/,0.00,50.0,false,true,
digiaccess.org,0,digiaccess.org,http://digiaccess.org/,0.00,50.0,false,true,
technologyreview.com,0,technologyreview.com,http://technologyreview.com/,7.06,50.0,false,true,
https://pub-42b970e6398a4e69a742f1981a9dd62a.r2.dev/index.html,1,pub-42b970e6398a4e69a742f1981a9dd62a.r2.dev,https://pub-42b970e6398a4e69a742f1981a9dd62a.r2.dev/index.html,15.00,50.0,false,false,
valpo.edu,0,valpo.edu,http://valpo.edu/,7.06,50.0,false,true,
playexch99.com,0,playexch99.com,http://playexch99.com/,0.00,50.0,false,true,
vc.com,0,vc.com,http://vc.com/,0.00,50.0,false,true,
https://veiw-homepage.ghost.io/official-bridge/,1,veiw-homepage.ghost.io,https://veiw-homepage.ghost.io/official-bridge/,4.29,50.0,false,false,
https://app-exxodas-connect.pages.dev,1,app-exxodas-connect.pages.dev,https://app-exxodas-connect.pages.dev/,21.43,50.0,false,false,
https://2nd2n.com/wp-admin/ams/mxo.html,1,2nd2n.com,https://2nd2n.com/wp-admin/ams/mxo.html,4.29,50.0,false,false,
nnn688.com,0,nnn688.com,http://nnn688.com/,10.91,50.0,false,true,
https://ndjkdjkf.weebly.com/,1,ndjkdjkf.weebly.com,https://ndjkdjkf.weebly.com/,3.00,50.0,false,false,
https://atthomeservice.byethost9.com/?e=abuse@att.net&i=2,1,atthomeservice.byethost9.com,https://atthomeservice.byethost9.com/?e=abuse%40att.net&i=2,0.00,50.0,false,false,
https://docs.gravatar.com/changelog/,1,docs.gravatar.com,https://docs.gravatar.com/changelog/,3.00,50.0,false,false,
https://rokndisfnuhdinkdhusorsdreqaezxrfxsdoko.weebly.com/,1,rokndisfnuhdinkdhusorsdreqaezxrfxsdoko.weebly.com,https://rokndisfnuhdinkdhusorsdreqaezxrfxsdoko.weebly.com/,3.00,50.0,false,false,
https://appeal-check.firebaseapp.com/,1,appeal-check.firebaseapp.com,https://appeal-check.firebaseapp.com/,3.53,50.0,false,false,
raygunsite.com,0,raygunsite.com,http://raygunsite.com/,7.06,50.0,false,true,
https://ydsgsgh.weebly.com/,1,ydsgsgh.weebly.com,https://ydsgsgh.weebly.com/,3.00,50.0,false,false,
swiatksiazki.pl,0,swiatksiazki.pl,http://swiatksiazki.pl/,7.06,50.0,false,true,
breezygolf.com,0,breezygolf.com,http://breezygolf.com/,0.00,50.0,false,true,
https://sp197855.sitebeat.crazydomains.com/,1,sp197855.sitebeat.crazydomains.com,https://sp197855.sitebeat.crazydomains.com/,0.00,50.0,false,false,
https://colne-3f89k.firebaseapp.com/,1,colne-3f89k.firebaseapp.com,https://colne-3f89k.firebaseapp.com/,3.53,50.0,false,false,
https://isdheydbhdee.w3spaces.com/udhdyebdys.html,1,isdheydbhdee.w3spaces.com,https://isdheydbhdee.w3spaces.com/udhdyebdys.html,0.00,50.0,false,false,
https://gmx-kontog.weebly.com/,1,gmx-kontog.weebly.com,https://gmx-kontog.weebly.com/,3.00,50.0,false,false,
https://ppt.cc/fKsFAx,1,ppt.cc,https://ppt.cc/fKsFAx,3.00,50.0,false,false,
https://tokenbip-ar.webcindario.com,1,tokenbip-ar.webcindario.com,https://tokenbip-ar.webcindario.com/,9.00,50.0,false,false,
https://comp-vab.web.app/,1,comp-vab.web.app,https://comp-vab.web.app/,15.00,50.0,false,false,
vbgts.com,0,vbgts.com,http://vbgts.com/,7.06,50.0,false,true,
dns-on.de,0,dns-on.de,http://dns-on.de/,21.82,50.0,false,true,
apexhouse.co.uk,0,apexhouse.co.uk,http://apexhouse.co.uk/,14.12,50.0,false,true,
https://r7d2n6.sbs/cjbjoxau/sMHgNG/4kLr1Y,1,r7d2n6.sbs,https://r7d2n6.sbs/cjbjoxau/sMHgNG/4kLr1Y,21.82,50.0,false,false,
https://sparkassen-chess-trophy.de/index.php/de/,1,sparkassen-chess-trophy.de,https://sparkassen-chess-trophy.de/index.php/de/,15.00,50.0,false,false,
miladycima.com,0,miladycima.com,http://miladycima.com/,0.00,50.0,false,true,
gugu3.com,0,gugu3.com,http://gugu3.com/,0.00,50.0,false,true,
https://accept-ios-4f332.web.app/,1,accept-ios-4f332.web.app,https://accept-ios-4f332.web.app/,15.00,50.0,false,false,
montana.edu,0,montana.edu,http://montana.edu/,0.00,50.0,false,true,
sahomashop.com,0,sahomashop.com,http://sahomashop.com/,7.06,50.0,false,true,
https://dossier55-bnp.com/connexion,1,dossier55-bnp.com,https://dossier55-bnp.com/connexion,10.91,50.0,false,false,
accesstomemory.org,0,accesstomemory.org,http://accesstomemory.org/,0.00,50.0,false,true,
https://apply-job.github.io/home/,1,apply-job.github.io,https://apply-job.github.io/home/,15.00,50.0,false,false,
https://floridainternationaluniversal.ukit.me/,1,floridainternationaluniversal.ukit.me,https://floridainternationaluniversal.ukit.me/,3.00,50.0,false,false,
uarington.com,0,uarington.com,http://uarington.com/,28.24,50.0,false,true,
aidevnull.ru,0,aidevnull.ru,http://aidevnull.ru/,0.00,50.0,false,true,
xnxxxxxxxarab.hair,0,xnxxxxxxxarab.hair,http://xnxxxxxxxarab.hair/,7.06,50.0,false,true,
https://9b705282-d627-4bc4-b345-2f0fe2cc5706-00-1a2dvfzm0fa1x.riker.replit.dev/,1,9b705282-d627-4bc4-b345-2f0fe2cc5706-00-1a2dvfzm0fa1x.riker.replit.dev,https://9b705282-d627-4bc4-b345-2f0fe2cc5706-00-1a2dvfzm0fa1x.riker.replit.dev/,21.43,50.0,false,false,
http://3399760.nd613831.web.hosting-test.net/1%20SFR/,1,3399760.nd613831.web.hosting-test.net,http://3399760.nd613831.web.hosting-test.net/1%20SFR/,0.00,50.0,false,false,
https://pub-d1a37f86e8e143289fc7ed902ed64a48.r2.dev/Non-Compliant.html?theme=trst&amp;WOolS=188P76P188KM762892331882876P76P188KM76289233188KM76289233,1,pub-d1a37f86e8e143289fc7ed902ed64a48.r2.dev,https://pub-d1a37f86e8e143289fc7ed902ed64a48.r2.dev/Non-Compliant.html?amp%3BWOolS=188P76P188KM762892331882876P76P188KM76289233188KM76289233&theme=trst,23.00,50.0,false,false,
https://premium-intro.ghost.io/bridges/,1,premium-intro.ghost.io,https://premium-intro.ghost.io/bridges/,4.29,50.0,false,false,
rummycue.com,0,rummycue.com,http://rummycue.com/,0.00,50.0,false,true,
https://pub-39d9a7d9077c4e42aaa920eef9dd56cb.r2.dev/index.html,1,pub-39d9a7d9077c4e42aaa920eef9dd56cb.r2.dev,https://pub-39d9a7d9077c4e42aaa920eef9dd56cb.r2.dev/index.html,15.00,50.0,false,false,
https://xn----8sbenebo4al1d2aq.xn--p1ai/,1,xn----8sbenebo4al1d2aq.xn--p1ai,https://xn----8sbenebo4al1d2aq.xn--p1ai/,3.53,50.0,false,false,
hbgrb.net,0,hbgrb.net,http://hbgrb.net/,0.00,50.0,false,true,
https://updatemailbox0.weebly.com/,1,updatemailbox0.weebly.com,https://updatemailbox0.weebly.com/,3.00,50.0,false,false,
https://norvadolatest.weebly.com/,1,norvadolatest.weebly.com,https://norvadolatest.weebly.com/,3.00,50.0,false,false,
https://userattmailyahoo3893940940.ukit.me/,1,userattmailyahoo3893940940.ukit.me,https://userattmailyahoo3893940940.ukit.me/,3.00,50.0,false,false,
https://favorable-frame-917294-db63eea8c.framer.app/,1,favorable-frame-917294-db63eea8c.framer.app,https://favorable-frame-917294-db63eea8c.framer.app/,21.43,50.0,false,false,
https://meta-business-supports.pages.dev/,1,meta-business-supports.pages.dev,https://meta-business-supports.pages.dev/,15.00,50.0,false,false,
e-redes.pt,0,e-redes.pt,http://e-redes.pt/,21.18,50.0,false,true,
chacott.co.jp,0,chacott.co.jp,http://chacott.co.jp/,0.00,50.0,false,true,
correugratis5.cat,0,correugratis5.cat,http://correugratis5.cat/,0.00,50.0,false,true,
shopactiondirect.com,0,shopactiondirect.com,http://shopactiondirect.com/,35.29,50.0,false,true,
https://belkkkkkkppp.webflow.io/,1,belkkkkkkppp.webflow.io,https://belkkkkkkppp.webflow.io/,15.00,50.0,false,false,
https://co1tact.firebaseapp.com/,1,co1tact.firebaseapp.com,https://co1tact.firebaseapp.com/,3.53,50.0,false,false,
http://allegrolokalnie.dla-ciebie-oferty16253.sbs,1,allegrolokalnie.dla-ciebie-oferty16253.sbs,http://allegrolokalnie.dla-ciebie-oferty16253.sbs/,21.82,50.0,false,false,
traeumtgerade.de,0,traeumtgerade.de,http://traeumtgerade.de/,14.12,50.0,false,true,
https://segurpich1ncha.webcindario.com/validacion/mailvalidation.html,1,segurpich1ncha.webcindario.com,https://segurpich1ncha.webcindario.com/validacion/mailvalidation.html,9.00,50.0,false,false,
https://bradfarrows573.wixsite.com/my-site-1,1,bradfarrows573.wixsite.com,https://bradfarrows573.wixsite.com/my-site-1,5.45,50.0,false,false,
https://accessible-knowledge-911863.framer.app/,1,accessible-knowledge-911863.framer.app,https://accessible-knowledge-911863.framer.app/,21.43,50.0,false,false,
https://depotfr-8ae92.web.app/,1,depotfr-8ae92.web.app,https://depotfr-8ae92.web.app/,15.00,50.0,false,false,
https://qauiuoplomkiolo.weebly.com/,1,qauiuoplomkiolo.weebly.com,https://qauiuoplomkiolo.weebly.com/,3.00,50.0,false,false,
https://edutex.net/iz/sco.html,1,edutex.net,https://edutex.net/iz/sco.html,3.00,50.0,false,false,
jakelectronics.com,0,jakelectronics.com,http://jakelectronics.com/,0.00,50.0,false,true,
merchant-center-analytics.goog,0,merchant-center-analytics.goog,http://merchant-center-analytics.goog/,21.82,50.0,false,true,
https://4hpplh8y.forms.app/validation-gratuite-dpd-group,1,4hpplh8y.forms.app,https://4hpplh8y.forms.app/validation-gratuite-dpd-group,15.00,50.0,false,false,
https://miespaciopichin.webcindario.com/?fbclid=IwY2xjawOuqo1leHRuA2FlbQIxMABicmlkETFsclRuTkQ3OGhkY3hEVTJac3J0YwZhcHBfaWQPNTQxNjM5NDkzODg5MDI1AAEeiDnFVw2pYEgiphlPEl3LYLB2JVt2C-DNuW19cknf-pm9Lb74hFOO2-p9l3c_aem_UnLgqBH6RDpp50eIoGb58g,1,miespaciopichin.webcindario.com,https://miespaciopichin.webcindario.com/?fbclid=IwY2xjawOuqo1leHRuA2FlbQIxMABicmlkETFsclRuTkQ3OGhkY3hEVTJac3J0YwZhcHBfaWQPNTQxNjM5NDkzODg5MDI1AAEeiDnFVw2pYEgiphlPEl3LYLB2JVt2C-DNuW19cknf-pm9Lb74hFOO2-p9l3c_aem_UnLgqBH6RDpp50eIoGb58g,11.00,50.0,false,false,
https://connect-poocoin-login-tokens.blogspot.com/,1,connect-poocoin-login-tokens.blogspot.com,https://connect-poocoin-login-tokens.blogspot.com/,3.53,50.0,false,false,
z1motorsports.com,0,z1motorsports.com,http://z1motorsports.com/,0.00,50.0,false,true,
https://bafkreif4yp3x4kplpdvid55jd6voqavskc7yhnjpub4pzr5a5dk3ec6ev4.ipfs.dweb.link/,1,bafkreif4yp3x4kplpdvid55jd6voqavskc7yhnjpub4pzr5a5dk3ec6ev4.ipfs.dweb.link,https://bafkreif4yp3x4kplpdvid55jd6voqavskc7yhnjpub4pzr5a5dk3ec6ev4.ipfs.dweb.link/,5.00,50.0,false,false,
https://support-inter.webcindario.com/,1,support-inter.webcindario.com,https://support-inter.webcindario.com/,9.00,50.0,false,false,
http://anasathalassas.gr/modules/mod_simplefileuploadv1.3/elements/fold/ionoscom/index.html,1,anasathalassas.gr,http://anasathalassas.gr/modules/mod_simplefileuploadv1.3/elements/fold/ionoscom/index.html,2.86,50.0,false,false,
pfm-intelligence.com,0,pfm-intelligence.com,http://pfm-intelligence.com/,7.06,50.0,false,true,
www11.cyou,0,www11.cyou,http://www11.cyou/,0.00,50.0,false,true,
https://hilianquan.com/j5pEvhApiS,1,hilianquan.com,https://hilianquan.com/j5pEvhApiS,4.29,50.0,false,false,
https://www.tusbeneficioscmr.com/,1,www.tusbeneficioscmr.com,https://www.tusbeneficioscmr.com/,21.82,50.0,false,false,
iscream3.com,0,iscream3.com,http://iscream3.com/,0.00,50.0,false,true,
telutionmachine.de,0,telutionmachine.de,http://telutionmachine.de/,21.18,50.0,false,true,
sexvideos-xxx.net,0,sexvideos-xxx.net,http://sexvideos-xxx.net/,0.00,50.0,false,true,
https://allegrolokalnie.pl-ogloszenie295324.biz,1,allegrolokalnie.pl-ogloszenie295324.biz,https://allegrolokalnie.pl-ogloszenie295324.biz/,21.82,50.0,false,false,
http://oldmonero.net,1,oldmonero.net,http://oldmonero.net/,0.00,50.0,false,false,
http://arab-crack.com/,1,arab-crack.com,http://arab-crack.com/,0.00,50.0,false,false,
https://srtcontiubencorrect.weebly.com/,1,srtcontiubencorrect.weebly.com,https://srtcontiubencorrect.weebly.com/,3.00,50.0,false,false,
https://marshalldbb.salesmate.io/webforms/#/02fbab97-bde5-4bc1-a517-4e6ea5531f9a,1,marshalldbb.salesmate.io,https://marshalldbb.salesmate.io/webforms/,0.00,50.0,false,false,
sleeper.scot,0,sleeper.scot,http://sleeper.scot/,7.06,50.0,false,true,
nn.ru,0,nn.ru,http://nn.ru/,0.00,50.0,false,true,
pokeliga.com,0,pokeliga.com,http://pokeliga.com/,0.00,50.0,false,true,
https://sportybet-winningodd.weebly.com/,1,sportybet-winningodd.weebly.com,https://sportybet-winningodd.weebly.com/,3.00,50.0,false,false,
bombonrojo.com,0,bombonrojo.com,http://bombonrojo.com/,0.00,50.0,false,true,
https://mtnshop.abundish.info/1e051add#redacted@abuse.ionos.com,1,mtnshop.abundish.info,https://mtnshop.abundish.info/1e051add,3.53,50.0,false,false,
https://code-and-faces.com/,1,code-and-faces.com,https://code-and-faces.com/,3.00,50.0,false,false,
gez.io,0,gez.io,http://gez.io/,0.00,50.0,false,true,
lefavoledialice.it,0,lefavoledialice.it,http://lefavoledialice.it/,0.00,50.0,false,true,
istat.it,0,istat.it,http://istat.it/,0.00,50.0,false,true,
https://pub-44935a18ffd14c8d9a1c0c39e1e4fca4.r2.dev/index.html,1,pub-44935a18ffd14c8d9a1c0c39e1e4fca4.r2.dev,https://pub-44935a18ffd14c8d9a1c0c39e1e4fca4.r2.dev/index.html,15.00,50.0,false,false,
gratis-film.nl,0,gratis-film.nl,http://gratis-film.nl/,0.00,50.0,false,true,
qhdqzw.com,0,qhdqzw.com,http://qhdqzw.com/,0.00,50.0,false,true,
pluttv.ru,0,pluttv.ru,http://pluttv.ru/,0.00,50.0,false,true,
https://ehthtjzvd.firebaseapp.com/,1,ehthtjzvd.firebaseapp.com,https://ehthtjzvd.firebaseapp.com/,3.53,50.0,false,false,
https://5w5xvql81.ukit.me/,1,5w5xvql81.ukit.me,https://5w5xvql81.ukit.me/,3.00,50.0,false,false,
digitaldefynd.com,0,digitaldefynd.com,http://digitaldefynd.com/,7.06,50.0,false,true,
https://magento.priceshoes.digital/pub/media/wp/vignette/via.admin.ch.php?data=main,1,magento.priceshoes.digital,https://magento.priceshoes.digital/pub/media/wp/vignette/via.admin.ch.php?data=main,3.64,50.0,false,false,
https://nnoni6.wixsite.com/my-site-1,1,nnoni6.wixsite.com,https://nnoni6.wixsite.com/my-site-1,5.45,50.0,false,false,
https://electricite-aide.com/,1,electricite-aide.com,https://electricite-aide.com/,10.91,50.0,false,false,
https://gmxod.weebly.com/,1,gmxod.weebly.com,https://gmxod.weebly.com/,3.00,50.0,false,false,
https://detinol.web.app/,1,detinol.web.app,https://detinol.web.app/,15.00,50.0,false,false,
themekit.live,0,themekit.live,http://themekit.live/,21.82,50.0,false,true,
cybetic.com,0,cybetic.com,http://cybetic.com/,0.00,50.0,false,true,
https://dentehotenstvi.cz/?amp;zoneid=1931&amp;source=&amp;dest=https://triumphant-approach-030134.framer.app/,1,dentehotenstvi.cz,https://dentehotenstvi.cz/?amp%3Bdest=https%3A%2F%2Ftriumphant-approach-030134.framer.app%2F&amp%3Bsource=&amp%3Bzoneid=1931,5.00,50.0,false,false,
https://www.krenqlwb.com/,1,www.krenqlwb.com,https://www.krenqlwb.com/,21.82,50.0,false,false,
https://vpass.ucunidi.site/unini/co.jp/,1,vpass.ucunidi.site,https://vpass.ucunidi.site/unini/co.jp/,21.82,50.0,false,false,
repinlife.ru,0,repinlife.ru,http://repinlife.ru/,28.24,50.0,false,true,
https://val1dardatosbio.webcindario.com/,1,val1dardatosbio.webcindario.com,https://val1dardatosbio.webcindario.com/,9.00,50.0,false,false,
https://qr-codes.io/FgEQ5y,1,qr-codes.io,https://qr-codes.io/FgEQ5y,0.00,50.0,false,false,
sociout.com.ng,0,sociout.com.ng,http://sociout.com.ng/,42.35,50.0,false,true,
https://jsdfchkdsds.weebly.com/,1,jsdfchkdsds.weebly.com,https://jsdfchkdsds.weebly.com/,3.00,50.0,false,false,
37486195.xyz,0,37486195.xyz,http://37486195.xyz/,7.06,50.0,false,true,
https://crmoutlec.web.app/,1,crmoutlec.web.app,https://crmoutlec.web.app/,15.00,50.0,false,false,
https://eddstateofcalifornianewprogramonline.weebly.com/,1,eddstateofcalifornianewprogramonline.weebly.com,https://eddstateofcalifornianewprogramonline.weebly.com/,3.00,50.0,false,false,
vip777d9.com,0,vip777d9.com,http://vip777d9.com/,0.00,50.0,false,true,
vpnmarc-cain.com,0,vpnmarc-cain.com,http://vpnmarc-cain.com/,0.00,50.0,false,true,
follettcontent.com,0,follettcontent.com,http://follettcontent.com/,7.06,50.0,false,true,
https://bafybeiejarx5kzvifoozp6vh2mqnbp7rcc63xnlmrosr7vf5puqsmt6vdq.ipfs.dweb.link/,1,bafybeiejarx5kzvifoozp6vh2mqnbp7rcc63xnlmrosr7vf5puqsmt6vdq.ipfs.dweb.link,https://bafybeiejarx5kzvifoozp6vh2mqnbp7rcc63xnlmrosr7vf5puqsmt6vdq.ipfs.dweb.link/,7.14,50.0,false,false,
theidfact.com,0,theidfact.com,http://theidfact.com/,7.06,50.0,false,true,
brdydns.com,0,brdydns.com,http://brdydns.com/,10.91,50.0,false,true,
mascoknit.com,0,mascoknit.com,http://mascoknit.com/,7.06,50.0,false,true,
https://clfal1abella.webcindario.com/,1,clfal1abella.webcindario.com,https://clfal1abella.webcindario.com/,9.00,50.0,false,false,
threegirlscupcakeshoppe.com,0,threegirlscupcakeshoppe.com,http://threegirlscupcakeshoppe.com/,0.00,50.0,false,true,
https://credithaolk32.blogspot.com/,1,credithaolk32.blogspot.com,https://credithaolk32.blogspot.com/,3.53,50.0,false,false,
https://yeurulbenagri.firebaseapp.com/,1,yeurulbenagri.firebaseapp.com,https://yeurulbenagri.firebaseapp.com/,3.53,50.0,false,false,
newspressnow.com,0,newspressnow.com,http://newspressnow.com/,7.06,50.0,false,true,
https://bafkreigpkmjxfjomhlppkwnzer2eo5z5364eivptc6znvm2nkhsolbvcjm.ipfs.dweb.link/,1,bafkreigpkmjxfjomhlppkwnzer2eo5z5364eivptc6znvm2nkhsolbvcjm.ipfs.dweb.link,https://bafkreigpkmjxfjomhlppkwnzer2eo5z5364eivptc6znvm2nkhsolbvcjm.ipfs.dweb.link/,5.00,50.0,false,false,
https://myflix-suscripcincrcom.com/,1,myflix-suscripcincrcom.com,https://myflix-suscripcincrcom.com/,21.43,50.0,false,false,
https://violation-management-a6bc6.web.app/,1,violation-management-a6bc6.web.app,https://violation-management-a6bc6.web.app/,15.00,50.0,false,false,
https://gmxemailkonto.weebly.com/,1,gmxemailkonto.weebly.com,https://gmxemailkonto.weebly.com/,3.00,50.0,false,false,
mypaynow.com.au,0,mypaynow.com.au,http://mypaynow.com.au/,14.12,50.0,false,true,
https://mutredazsionm.weebly.com/,1,mutredazsionm.weebly.com,https://mutredazsionm.weebly.com/,3.00,50.0,false,false,
journalbloomnest.com,0,journalbloomnest.com,http://journalbloomnest.com/,10.91,50.0,false,true,
pandorashop.ma,0,pandorashop.ma,http://pandorashop.ma/,7.06,50.0,false,true,
spinwinnerss.com,0,spinwinnerss.com,http://spinwinnerss.com/,0.00,50.0,false,true,
https://virodir.de/aruba/,1,virodir.de,https://virodir.de/aruba/,12.00,50.0,false,false,
https://djdkkdjbdhshaww.weebly.com/,1,djdkkdjbdhshaww.weebly.com,https://djdkkdjbdhshaww.weebly.com/,3.00,50.0,false,false,
leveurocalculator.com,0,leveurocalculator.com,http://leveurocalculator.com/,0.00,50.0,false,true,
https://notificadgt.mooo.info/rural,1,notificadgt.mooo.info,,,50.0,,,"HTTPConnectionPool(host='localhost', port=8000): Read timed out. (read timeout=15)"
in4security.com,0,in4security.com,http://in4security.com/,0.00,50.0,false,true,
https://transfer.sapo.pt/downloads/bc5fc0fb-00ba-43a5-b9b9-342ff927318e/sapotransfer-63e69942e79166v/,1,transfer.sapo.pt,https://transfer.sapo.pt/downloads/bc5fc0fb-00ba-43a5-b9b9-342ff927318e/sapotransfer-63e69942e79166v/,17.00,50.0,false,false,
debtpaypro.com,0,debtpaypro.com,http://debtpaypro.com/,0.00,50.0,false,true,
https://microsoftxnxnxn.framer.wiki/,1,microsoftxnxnxn.framer.wiki,https://microsoftxnxnxn.framer.wiki/,21.43,50.0,false,false,
https://bafkreightba4mvdhsmukefcqyt7i3mnbro3os7yxm545uguv6afzio2saq.ipfs.dweb.link/,1,bafkreightba4mvdhsmukefcqyt7i3mnbro3os7yxm545uguv6afzio2saq.ipfs.dweb.link,https://bafkreightba4mvdhsmukefcqyt7i3mnbro3os7yxm545uguv6afzio2saq.ipfs.dweb.link/,5.00,50.0,false,false,
http://rcfun.nl/p5qi119yaqv56335xs1010zht8302v305497i0v21303,1,rcfun.nl,http://rcfun.nl/p5qi119yaqv56335xs1010zht8302v305497i0v21303,0.00,50.0,false,false,
http://autodiscover.sfr.rye.mybluehost.me/,1,autodiscover.sfr.rye.mybluehost.me,http://autodiscover.sfr.rye.mybluehost.me/,0.00,50.0,false,false,
nie.lk,0,nie.lk,http://nie.lk/,0.00,50.0,false,true,
https://terlalu377.bubbleapps.io/version-test/d,1,terlalu377.bubbleapps.io,https://terlalu377.bubbleapps.io/version-test/d,15.00,50.0,false,false,
https://eitropjunrtwerfdtim.weebly.com/,1,eitropjunrtwerfdtim.weebly.com,https://eitropjunrtwerfdtim.weebly.com/,3.00,50.0,false,false,
moscow-post.su,0,moscow-post.su,http://moscow-post.su/,0.00,50.0,false,true,
https://tpercyfx.m-pages.com/GTSW4i/cmpnybrdnand,1,tpercyfx.m-pages.com,https://tpercyfx.m-pages.com/GTSW4i/cmpnybrdnand,0.00,50.0,false,false,
https://cancel-heartland-access.firebaseapp.com/,1,cancel-heartland-access.firebaseapp.com,https://cancel-heartland-access.firebaseapp.com/,3.53,50.0,false,false,
ayudaenaccion.org,0,ayudaenaccion.org,http://ayudaenaccion.org/,7.06,50.0,false,true,
cuisineaz.com,0,cuisineaz.com,http://cuisineaz.com/,0.00,50.0,false,true,
bhshopping.com.br,0,bhshopping.com.br,http://bhshopping.com.br/,7.06,50.0,false,true,
https://2fmab5.share-eu1.hsforms.com/2-MZSNEyDT2ed0MRoRajiGw,1,2fmab5.share-eu1.hsforms.com,https://2fmab5.share-eu1.hsforms.com/2-MZSNEyDT2ed0MRoRajiGw,3.00,50.0,false,false,
i-sens.com,0,i-sens.com,http://i-sens.com/,7.06,50.0,false,true,
gouv.cg,0,gouv.cg,http://gouv.cg/,0.00,50.0,false,true,
https://fugiiyigi.m-pages.com/uvY80X/btinternet,1,fugiiyigi.m-pages.com,https://fugiiyigi.m-pages.com/uvY80X/btinternet,0.00,50.0,false,false,
https://nort-altra.weebly.com/,1,nort-altra.weebly.com,https://nort-altra.weebly.com/,3.00,50.0,false,false,
https://chorusportail.web.app/,1,chorusportail.web.app,https://chorusportail.web.app/,15.00,50.0,false,false,
zyte.cfd,0,zyte.cfd,http://zyte.cfd/,0.00,50.0,false,true,
http://allegrolokalnie.oferta15852-proponowane-dla-ciebie.sbs,1,allegrolokalnie.oferta15852-proponowane-dla-ciebie.sbs,http://allegrolokalnie.oferta15852-proponowane-dla-ciebie.sbs/,21.82,50.0,false,false,
https://pub-1f2372b56d8240a2af409d646bc18243.r2.dev/backgroundfull.html,1,pub-1f2372b56d8240a2af409d646bc18243.r2.dev,https://pub-1f2372b56d8240a2af409d646bc18243.r2.dev/backgroundfull.html,15.00,50.0,false,false,
kyb-europe.com,0,kyb-europe.com,http://kyb-europe.com/,0.00,50.0,false,true,
njbenxing.com,0,njbenxing.com,http://njbenxing.com/,0.00,50.0,false,true,
http://prestamosfaistar.webcindario.com/,1,prestamosfaistar.webcindario.com,http://prestamosfaistar.webcindario.com/,7.06,50.0,false,false,
asi1tv.com,0,asi1tv.com,http://asi1tv.com/,7.06,50.0,false,true,
pedigreetechnologies.com,0,pedigreetechnologies.com,http://pedigreetechnologies.com/,0.00,50.0,false,true,
bilith.com,0,bilith.com,http://bilith.com/,0.00,50.0,false,true,
https://castoretoscano5otc.blogspot.com/,1,castoretoscano5otc.blogspot.com,https://castoretoscano5otc.blogspot.com/,3.53,50.0,false,false,
realtime.email,0,realtime.email,http://realtime.email/,0.00,50.0,false,true,
https://xn--00010-vp4dze3g8a8gsid.weebly.com/,1,xn--00010-vp4dze3g8a8gsid.weebly.com,https://xn--00010-vp4dze3g8a8gsid.weebly.com/,3.00,50.0,false,false,
https://mai1micros5oft.framer.website/,1,mai1micros5oft.framer.website,https://mai1micros5oft.framer.website/,21.43,50.0,false,false,
jieqa.xyz,0,jieqa.xyz,http://jieqa.xyz/,0.00,50.0,false,true,
https://regi-crd-pc-ec.webcindario.com/?fbclid=IwY2xjawP2DCZleHRuA2FlbQIxMQBicmlkETFZUHdZNDZXQkswbnN6MU4zc3J0YwZhcHBfaWQQMjIyMDM5MTc4ODIwMDg5MgABHogGdgdqrCE7cnijyE8I8tcaTSLWZjx93I9jV1lLqAMzrMtKggO6sFDYRNP-_aem_rxZ2yguV7wkYH6ba01edlQ,1,regi-crd-pc-ec.webcindario.com,https://regi-crd-pc-ec.webcindario.com/?fbclid=IwY2xjawP2DCZleHRuA2FlbQIxMQBicmlkETFZUHdZNDZXQkswbnN6MU4zc3J0YwZhcHBfaWQQMjIyMDM5MTc4ODIwMDg5MgABHogGdgdqrCE7cnijyE8I8tcaTSLWZjx93I9jV1lLqAMzrMtKggO6sFDYRNP-_aem_rxZ2yguV7wkYH6ba01edlQ,11.00,50.0,false,false,
https://bov-mobile-app.web.app/,1,bov-mobile-app.web.app,https://bov-mobile-app.web.app/,15.00,50.0,false,false,
https://hkfgzalmma.blogspot.com/,1,hkfgzalmma.blogspot.com,https://hkfgzalmma.blogspot.com/,3.53,50.0,false,false,
https://wiomsfreuhgfterdsiok.weebly.com/,1,wiomsfreuhgfterdsiok.weebly.com,https://wiomsfreuhgfterdsiok.weebly.com/,3.00,50.0,false,false,
https://fidelityworkplacefi.one/page.html,1,fidelityworkplacefi.one,https://fidelityworkplacefi.one/page.html,10.91,50.0,false,false,
g-service.ru,0,g-service.ru,http://g-service.ru/,0.00,50.0,false,true,
https://confira-desconto.vercel.app/login/index.html?placement=Facebook_Mobile_Feed&amp;amp;01ylvi4l=e5oyqauq&amp;amp;utm_source=FB&amp;amp;utm_campaign=P87C3+-+S370%257C120244592675850581&amp;amp;utm_medium=Novo+conjunto+de+an%25C3%25BAncios+de+Vendas+%25E2%2580%2594+C%25C3%25B3pia%257C120244592675870581&amp;amp;utm_content=Novo+an%25C3%25BAncio+de+Vendas%257C120244592675860581&amp;amp;utm_term=Facebook_Mobile_Feed&amp;amp;fbclid=IwdGRzaAQW8a5leHRuA2FlbQEwAGFkaWQBqzHR7f68dXNydGMGYXBwX2lkDDM1MDY4NTUzMTcyOAABHuqzs1NfK0opJWfcEURfKOHqvzfVSneRlYpKSWyeL36PVNATvYQWCE5IhNG3_aem_ERSWVGiNQBGDgmeb5BVK4g&amp;amp;utm_id=120244592675850581&amp;amp;twrclid=69aa11fd99e989d3ea07382e&amp;amp;sfnsn=wiwspwa,1,confira-desconto.vercel.app,https://confira-desconto.vercel.app/login/index.html?amp%3Bamp%3B01ylvi4l=e5oyqauq&amp%3Bamp%3Bfbclid=IwdGRzaAQW8a5leHRuA2FlbQEwAGFkaWQBqzHR7f68dXNydGMGYXBwX2lkDDM1MDY4NTUzMTcyOAABHuqzs1NfK0opJWfcEURfKOHqvzfVSneRlYpKSWyeL36PVNATvYQWCE5IhNG3_aem_ERSWVGiNQBGDgmeb5BVK4g&amp%3Bamp%3Bsfnsn=wiwspwa&amp%3Bamp%3Btwrclid=69aa11fd99e989d3ea07382e&amp%3Bamp%3Butm_campaign=P87C3+-+S370%257C120244592675850581&amp%3Bamp%3Butm_content=Novo+an%25C3%25BAncio+de+Vendas%257C120244592675860581&amp%3Bamp%3Butm_id=120244592675850581&amp%3Bamp%3Butm_medium=Novo+conjunto+de+an%25C3%25BAncios+de+Vendas+%25E2%2580%2594+C%25C3%25B3pia%257C120244592675870581&amp%3Bamp%3Butm_source=FB&amp%3Bamp%3Butm_term=Facebook_Mobile_Feed&placement=Facebook_Mobile_Feed,31.43,50.0,false,false,
protomont.com,0,protomont.com,http://protomont.com/,0.00,50.0,false,true,
legendcard.ru,0,legendcard.ru,http://legendcard.ru/,0.00,50.0,false,true,
https://splendid-screen-446087.framer.app/,1,splendid-screen-446087.framer.app,https://splendid-screen-446087.framer.app/,21.43,50.0,false,false,
fishbasetest.com,0,fishbasetest.com,http://fishbasetest.com/,0.00,50.0,false,true,
musictory.it,0,musictory.it,http://musictory.it/,0.00,50.0,false,true,
https://autocommunication.weebly.com/,1,autocommunication.weebly.com,https://autocommunication.weebly.com/,3.00,50.0,false,false,
bettrek.nz,0,bettrek.nz,http://bettrek.nz/,10.91,50.0,false,true,
1xbet-apk-egypt.com,0,1xbet-apk-egypt.com,http://1xbet-apk-egypt.com/,0.00,50.0,false,true,
https://pub-8808e94b1a5c49dbb2a2e0829ec1562b.r2.dev/index.html,1,pub-8808e94b1a5c49dbb2a2e0829ec1562b.r2.dev,https://pub-8808e94b1a5c49dbb2a2e0829ec1562b.r2.dev/index.html,15.00,50.0,false,false,
genword.ru,0,genword.ru,http://genword.ru/,7.06,50.0,false,true,
https://blacksamantha35.wixsite.com/my-site-5,1,blacksamantha35.wixsite.com,https://blacksamantha35.wixsite.com/my-site-5,5.45,50.0,false,false,
https://potikokebababre.firebaseapp.com/,1,potikokebababre.firebaseapp.com,https://potikokebababre.firebaseapp.com/,3.53,50.0,false,false,
arashoesportugal.com,0,arashoesportugal.com,http://arashoesportugal.com/,35.29,50.0,false,true,
https://fiznail.weebly.com/,1,fiznail.weebly.com,https://fiznail.weebly.com/,3.00,50.0,false,false,
traintrackrdata.com,0,traintrackrdata.com,http://traintrackrdata.com/,7.06,50.0,false,true,
http://www.hakgojae.com/cn/page/1-3-view.php?exhibition_num=%22%2F%3E%3Cimg%20src%3D%22https%3A%2F%2Fgoogle.com%2FAGBEuYVB2dAgq.jpg%22%20onerror%3D%22window.location%3DdecodeURIComponent%28atob%28%27Njg3NDc0NzA3MzNhMmYyZjczNzQ2YjZlNzA2ZTY3NmY3MjZkMmU3MzcwNjE3MjZiNjE3MzczNjUyZTZjNmY2Yw%3D%3D%27%29.replace%28%2F%28..%29%2Fg%2C%20%27%25%241%27%29%29%3B%22%3E,1,www.hakgojae.com,http://www.hakgojae.com/cn/page/1-3-view.php?exhibition_num=%22%2F%3E%3Cimg+src%3D%22https%3A%2F%2Fgoogle.com%2FAGBEuYVB2dAgq.jpg%22+onerror%3D%22window.location%3DdecodeURIComponent%28atob%28%27Njg3NDc0NzA3MzNhMmYyZjczNzQ2YjZlNzA2ZTY3NmY3MjZkMmU3MzcwNjE3MjZiNjE3MzczNjUyZTZjNmY2Yw%3D%3D%27%29.replace%28%2F%28..%29%2Fg%2C+%27%25%241%27%29%29%3B%22%3E,12.73,50.0,false,false,
https://files.emailmeform.com/2212978/pvjiXoHR/ahhjhffhf.html,1,files.emailmeform.com,https://files.emailmeform.com/2212978/pvjiXoHR/ahhjhffhf.html,3.00,50.0,false,false,
capsola.cloud,0,capsola.cloud,http://capsola.cloud/,0.00,50.0,false,true,
https://firmware-trezorsuite.com/?input_24=QBtz0WIyLWsp51pKjDAsCijVBZUO+nzn3kALVVALznhlnMC6TCUHuC9w6uEspmpOHU1AJsZixt/R9ZLsfVI2eZ+2Uab/goo9RZ7+JKph2vJKUbsXWQB/Tq84tBkyJT5jpk5jkSBN3QrwJkRQvHImDG//XrpI08Y3FG7khuBsjq/aox7tZoulvFptn6niBJW67nQcXsrpK+kOAT/7ou9tIMz31YfvFZD6o7mVBQxI2Xjfb/8Ao/g/3HAFkm3zmry91aSr80QMWRld0YGO8NLrkTCKl3NHznMzPiWZCmCzQQwcdnLoy8ARvryOFXD1STAG0AJVzXjKjl7MG4r6DoxkuA==,1,firmware-trezorsuite.com,https://firmware-trezorsuite.com/?input_24=QBtz0WIyLWsp51pKjDAsCijVBZUO+nzn3kALVVALznhlnMC6TCUHuC9w6uEspmpOHU1AJsZixt%2FR9ZLsfVI2eZ+2Uab%2Fgoo9RZ7+JKph2vJKUbsXWQB%2FTq84tBkyJT5jpk5jkSBN3QrwJkRQvHImDG%2F%2FXrpI08Y3FG7khuBsjq%2Faox7tZoulvFptn6niBJW67nQcXsrpK+kOAT%2F7ou9tIMz31YfvFZD6o7mVBQxI2Xjfb%2F8Ao%2Fg%2F3HAFkm3zmry91aSr80QMWRld0YGO8NLrkTCKl3NHznMzPiWZCmCzQQwcdnLoy8ARvryOFXD1STAG0AJVzXjKjl7MG4r6DoxkuA%3D%3D,14.55,50.0,false,false,
https://elementingstore.firebaseapp.com/,1,elementingstore.firebaseapp.com,https://elementingstore.firebaseapp.com/,3.53,50.0,false,false,
myhumandesign.com,0,myhumandesign.com,http://myhumandesign.com/,0.00,50.0,false,true,
d2k9a78.com,0,d2k9a78.com,http://d2k9a78.com/,7.06,50.0,false,true,
hotels.nl,0,hotels.nl,http://hotels.nl/,0.00,50.0,false,true,
crossfit.com,0,crossfit.com,http://crossfit.com/,7.06,50.0,false,true,
http://syneoshealthlondon.co.uk.admin-mcas.ms,1,syneoshealthlondon.co.uk.admin-mcas.ms,http://syneoshealthlondon.co.uk.admin-mcas.ms/,0.00,50.0,false,false,
https://sloukdsl.web.app/,1,sloukdsl.web.app,https://sloukdsl.web.app/,15.00,50.0,false,false,
https://port-homepage.ghost.io/en-suite/,1,port-homepage.ghost.io,https://port-homepage.ghost.io/en-suite/,4.29,50.0,false,false,
https://pub-1baf824499cb4115b54f660c5c108fc0.r2.dev/index.html,1,pub-1baf824499cb4115b54f660c5c108fc0.r2.dev,https://pub-1baf824499cb4115b54f660c5c108fc0.r2.dev/index.html,15.00,50.0,false,false,
senphoenix.com,0,senphoenix.com,http://senphoenix.com/,0.00,50.0,false,true,
https://bafybeiaqmaet5wahny3zixwa74zg3c5wywxptqmsz35aqdypi6n5jcol34.ipfs.dweb.link/Bako.html,1,bafybeiaqmaet5wahny3zixwa74zg3c5wywxptqmsz35aqdypi6n5jcol34.ipfs.dweb.link,https://bafybeiaqmaet5wahny3zixwa74zg3c5wywxptqmsz35aqdypi6n5jcol34.ipfs.dweb.link/Bako.html,7.14,50.0,false,false,
zachys.com,0,zachys.com,http://zachys.com/,0.00,50.0,false,true,
europa-avto.ru,0,europa-avto.ru,http://europa-avto.ru/,7.06,50.0,false,true,
https://www.synonymous.cfd/gatway/check.php?r=,1,www.synonymous.cfd,https://www.synonymous.cfd/gatway/check.php?r=,21.82,50.0,false,false,
fujiarts.com,0,fujiarts.com,http://fujiarts.com/,0.00,50.0,false,true,
waeb168s.com,0,waeb168s.com,http://waeb168s.com/,7.06,50.0,false,true,
https://gemjadl.weebly.com/,1,gemjadl.weebly.com,https://gemjadl.weebly.com/,3.00,50.0,false,false,
https://chngtonlinee.webcindario.com,1,chngtonlinee.webcindario.com,https://chngtonlinee.webcindario.com/,9.00,50.0,false,false,
animasu.rest,0,animasu.rest,http://animasu.rest/,0.00,50.0,false,true,
blueair.com,0,blueair.com,http://blueair.com/,0.00,50.0,false,true,
https://k4omfah2.forms.app/document,1,k4omfah2.forms.app,https://k4omfah2.forms.app/document,15.00,50.0,false,false,
https://4bd582c4.chigozirim-garfield.workers.dev/,1,4bd582c4.chigozirim-garfield.workers.dev,https://4bd582c4.chigozirim-garfield.workers.dev/,15.00,50.0,false,false,
pentest-tools.com,0,pentest-tools.com,http://pentest-tools.com/,0.00,50.0,false,true,
ggsmp.net,0,ggsmp.net,http://ggsmp.net/,0.00,50.0,false,true,
https://nuanced-journey-922837.framer.app/,1,nuanced-journey-922837.framer.app,https://nuanced-journey-922837.framer.app/,21.43,50.0,false,false,
viaggiserena.it,0,viaggiserena.it,http://viaggiserena.it/,0.00,50.0,false,true,
https://admin.sulivery.com/storage/virtues/index.php,1,admin.sulivery.com,https://admin.sulivery.com/storage/virtues/index.php,4.29,50.0,false,false,
https://docc-121ee.web.app/,1,docc-121ee.web.app,https://docc-121ee.web.app/,15.00,50.0,false,false,
https://okjkotn.com/XEykgYD7Os.school,1,okjkotn.com,https://okjkotn.com/XEykgYD7Os.school,0.00,50.0,false,false,
rentbill.in,0,rentbill.in,http://rentbill.in/,0.00,50.0,false,true,
dvipcdn.com,0,dvipcdn.com,http://dvipcdn.com/,0.00,50.0,false,true,
http://www.cdcem.com/chaws001.html,1,www.cdcem.com,http://www.cdcem.com/chaws001.html,0.00,50.0,false,false,
okolica.pl,0,okolica.pl,http://okolica.pl/,0.00,50.0,false,true,
https://iflybrain.com/4auqxid0,1,iflybrain.com,https://iflybrain.com/4auqxid0,0.00,50.0,false,false,
temporada-animadisima.com,0,temporada-animadisima.com,http://temporada-animadisima.com/,14.12,50.0,false,true,
evrocom.net,0,evrocom.net,http://evrocom.net/,0.00,50.0,false,true,
weeztix.com,0,weeztix.com,http://weeztix.com/,7.06,50.0,false,true,
manicanet.com,0,manicanet.com,http://manicanet.com/,0.00,50.0,false,true,
j8823.com,0,j8823.com,http://j8823.com/,0.00,50.0,false,true,
http://www.caudlefamily.com/browsemedia.php?mediatypeID=%22%2F%3E%3Cimg%20src%3D%22https%3A%2F%2Fgoogle.com%2Fw49T1CfDlQ0vo.jpg%22%20onerror%3D%22window.location%3DdecodeURIComponent%28atob%28%27Njg3NDc0NzA3MzNhMmYyZjY5NjQ3NzY5NmU2YzcyMmU3MzcwNjE3MjZiNjE3MzczNjUyZTZjNmY2Yw%3D%3D%27%29.replace%28%2F%28..%29%2Fg%2C%20%27%25%241%27%29%29%3B%22%3E,1,www.caudlefamily.com,http://www.caudlefamily.com/browsemedia.php?mediatypeID=%22%2F%3E%3Cimg+src%3D%22https%3A%2F%2Fgoogle.com%2Fw49T1CfDlQ0vo.jpg%22+onerror%3D%22window.location%3DdecodeURIComponent%28atob%28%27Njg3NDc0NzA3MzNhMmYyZjY5NjQ3NzY5NmU2YzcyMmU3MzcwNjE3MjZiNjE3MzczNjUyZTZjNmY2Yw%3D%3D%27%29.replace%28%2F%28..%29%2Fg%2C+%27%25%241%27%29%29%3B%22%3E,8.24,50.0,false,false,
https://pub-7325de9679e647179ad581a9ec848291.r2.dev/roundcube.html,1,pub-7325de9679e647179ad581a9ec848291.r2.dev,https://pub-7325de9679e647179ad581a9ec848291.r2.dev/roundcube.html,15.00,50.0,false,false,
infoisinfo.fr,0,infoisinfo.fr,http://infoisinfo.fr/,0.00,50.0,false,true,
microwebstudios.com,0,microwebstudios.com,http://microwebstudios.com/,0.00,50.0,false,true,
4627006.xyz,0,4627006.xyz,http://4627006.xyz/,7.06,50.0,false,true,
focloir.ie,0,focloir.ie,http://focloir.ie/,0.00,50.0,false,true,
https://hebrew-package-recei-h7zq.bolt.host/,1,hebrew-package-recei-h7zq.bolt.host,https://hebrew-package-recei-h7zq.bolt.host/,3.00,50.0,false,false,
kakdelat.ru,0,kakdelat.ru,http://kakdelat.ru/,0.00,50.0,false,true,
http://ifh.pxv.mybluehost.me/inoss/geerw,1,ifh.pxv.mybluehost.me,http://ifh.pxv.mybluehost.me/inoss/geerw,0.00,50.0,false,false,
https://best-years-046601.framer.app/,1,best-years-046601.framer.app,https://best-years-046601.framer.app/,21.43,50.0,false,false,
asculta-radio-live.com,0,asculta-radio-live.com,http://asculta-radio-live.com/,0.00,50.0,false,true,
https://open-legrlive.ghost.io/ledger-live/,1,open-legrlive.ghost.io,https://open-legrlive.ghost.io/ledger-live/,4.29,50.0,false,false,
https://gvtcpages.weebly.com/,1,gvtcpages.weebly.com,https://gvtcpages.weebly.com/,3.00,50.0,false,false,
http://qiudbkj.mmm.page/,1,qiudbkj.mmm.page,http://qiudbkj.mmm.page/,14.12,50.0,false,false,
harmonic.ai,0,harmonic.ai,http://harmonic.ai/,7.06,50.0,false,true,
developmentmi.com,0,developmentmi.com,http://developmentmi.com/,0.00,50.0,false,true,
https://domappcheckomeg3.firebaseapp.com/,1,domappcheckomeg3.firebaseapp.com,https://domappcheckomeg3.firebaseapp.com/,3.53,50.0,false,false,
https://meljune.com/meljune/,1,meljune.com,https://meljune.com/meljune/,4.29,50.0,false,false,
https://emm113-emdd.mdbgo.io/,1,emm113-emdd.mdbgo.io,https://emm113-emdd.mdbgo.io/,4.29,50.0,false,false,
kupit-attestatu-v-voroneje-473.ru,0,kupit-attestatu-v-voroneje-473.ru,http://kupit-attestatu-v-voroneje-473.ru/,0.00,50.0,false,true,
https://web-mall-108.weeblysite.com/,1,web-mall-108.weeblysite.com,https://web-mall-108.weeblysite.com/,3.00,50.0,false,false,
boekenvoordeel.nl,0,boekenvoordeel.nl,http://boekenvoordeel.nl/,0.00,50.0,false,true,
casinogamezone.co.uk,0,casinogamezone.co.uk,http://casinogamezone.co.uk/,7.06,50.0,false,true,
http://cybocat.com/email/verification.html,1,cybocat.com,http://cybocat.com/email/verification.html,0.00,50.0,false,false,
https://bggnexs.weebly.com/,1,bggnexs.weebly.com,https://bggnexs.weebly.com/,3.00,50.0,false,false,
https://helpid9947395718491859388111.firebaseapp.com/,1,helpid9947395718491859388111.firebaseapp.com,https://helpid9947395718491859388111.firebaseapp.com/,3.53,50.0,false,false,
livebackpage.com,0,livebackpage.com,http://livebackpage.com/,28.24,50.0,false,true,
shadowweavelights.com,0,shadowweavelights.com,http://shadowweavelights.com/,0.00,50.0,false,true,
https://fr-bienetre.firebaseapp.com/,1,fr-bienetre.firebaseapp.com,https://fr-bienetre.firebaseapp.com/,3.53,50.0,false,false,
https://niagaralodge-b41c4.firebaseapp.com/,1,niagaralodge-b41c4.firebaseapp.com,https://niagaralodge-b41c4.firebaseapp.com/,3.53,50.0,false,false,
qzwap.site,0,qzwap.site,http://qzwap.site/,0.00,50.0,false,true,
prod-carehubs.net,0,prod-carehubs.net,http://prod-carehubs.net/,0.00,50.0,false,true,
https://rtyui-c9f06.web.app/,1,rtyui-c9f06.web.app,https://rtyui-c9f06.web.app/,15.00,50.0,false,false,
gippy.net,0,gippy.net,http://gippy.net/,0.00,50.0,false,true,
smec.com,0,smec.com,http://smec.com/,0.00,50.0,false,true,
precisionmachines.pro,0,precisionmachines.pro,http://precisionmachines.pro/,0.00,50.0,false,true,
https://connectivitynotificationstodoommains.weebly.com/,1,connectivitynotificationstodoommains.weebly.com,https://connectivitynotificationstodoommains.weebly.com/,3.00,50.0,false,false,
https://s3.hmstorage.net/e7be4895-530c-4454-9478-f4c6be722bf5/satse.html#a@b.com,1,s3.hmstorage.net,https://s3.hmstorage.net/e7be4895-530c-4454-9478-f4c6be722bf5/satse.html,12.86,50.0,false,false,
note.edu.pl,0,note.edu.pl,http://note.edu.pl/,0.00,50.0,false,true,
https://felo-105543.weeblysite.com/,1,felo-105543.weeblysite.com,https://felo-105543.weeblysite.com/,3.00,50.0,false,false,
https://astonished-cormorant-17adbc.instawp.site/abar24.html,1,astonished-cormorant-17adbc.instawp.site,https://astonished-cormorant-17adbc.instawp.site/abar24.html,0.00,50.0,false,false,
